SEGMENTATION,SUBJECT_ID,EYE,SESSION,SAMPLE,PUPIL_RADIUS_DENOISED_NORMALIZED,PUPIL_RADIUS_DENOISED,PUPIL_RADIUS_NORMALIZED,PUPIL_RADIUS,IRIS_RADIUS
OS,1,L,1,1,0.5468,116.1863,0.5468,116.1863,210.3519
OS,1,L,1,2,0.5472,116.2885,0.5472,116.2885,210.728
OS,1,L,1,3,0.546,116.0331,0.546,116.0331,209.379
OS,1,L,1,4,0.547,116.2358,0.547,116.2358,210.4511
OS,1,L,1,5,0.5479,116.4382,0.5479,116.4382,209.6674
OS,1,L,1,6,0.5468,116.1953,0.5468,116.1953,210.3729
OS,1,L,1,7,0.5472,116.271,0.5472,116.271,208.9836
OS,1,L,1,8,0.5489,116.641,0.5489,116.641,209.2109
OS,1,L,1,9,0.5481,116.4777,0.5481,116.4777,209.2581
OS,1,L,1,10,0.5388,114.5006,0.5388,114.5006,210.1992
OS,1,L,1,11,0.5492,116.709,0.5492,116.709,209.3912
OS,1,L,1,12,0.5503,116.9446,0.5503,116.9446,213.5698
OS,1,L,1,13,0.5498,116.8372,0.5498,116.8372,209.9703
OS,1,L,1,14,0.5499,116.8464,0.5499,116.8464,209.6244
OS,1,L,1,15,0.55,116.8737,0.55,116.8737,212.9905
OS,1,L,1,16,0.5512,117.1392,0.5512,117.1392,213.1968
OS,1,L,1,17,0.551,117.091,0.551,117.091,212.9786
OS,1,L,1,18,0.5506,117.0033,0.5506,117.0033,212.9332
OS,1,L,1,19,0.551,117.091,0.551,117.091,212.4538
OS,1,L,1,20,0.5513,117.1573,0.5513,117.1573,213.0173
OS,1,L,1,21,0.5514,117.1784,0.5514,117.1784,213.1784
OS,1,L,1,22,0.5502,116.913,0.5502,116.913,212.6988
OS,1,L,1,23,0.5511,117.1123,0.5511,117.1123,213.4015
OS,1,L,1,24,0.5498,116.8372,0.5496,116.7974,213.2843
OS,1,L,1,25,0.5496,116.7974,0.5502,116.9239,213.2352
OS,1,L,1,26,0.5495,116.775,0.5495,116.775,213.0323
OS,1,L,1,27,0.549,116.6715,0.5483,116.5061,209.2209
OS,1,L,1,28,0.5489,116.6398,0.548,116.4527,213.5516
OS,1,L,1,29,0.5483,116.515,0.5478,116.3981,209.5507
OS,1,L,1,30,0.5483,116.515,0.5475,116.3401,209.3034
OS,1,L,1,31,0.5483,116.515,0.5482,116.4856,213.2457
OS,1,L,1,32,0.5483,116.5061,0.5478,116.4071,212.8627
OS,1,L,1,33,0.5483,116.5061,0.5478,116.4182,212.2464
OS,1,L,1,34,0.5482,116.4984,0.5482,116.4984,213.1679
OS,1,L,1,35,0.5482,116.4935,0.5482,116.487,212.8109
OS,1,L,1,36,0.5482,116.487,0.5482,116.4935,212.5523
OS,1,L,1,37,0.5482,116.4856,0.5483,116.515,212.7123
OS,1,L,1,38,0.5481,116.4826,0.549,116.6715,213.4136
OS,1,L,1,39,0.5481,116.475,0.5489,116.6398,213.4491
OS,1,L,1,40,0.548,116.4527,0.5481,116.475,212.6518
OS,1,L,1,41,0.5479,116.4242,0.5479,116.4242,212.483
OS,1,L,1,42,0.5479,116.4242,0.5483,116.5187,213.1569
OS,1,L,1,43,0.5479,116.4242,0.5485,116.5647,212.516
OS,1,L,1,44,0.5478,116.4182,0.5474,116.3192,212.8218
OS,1,L,1,45,0.5478,116.4182,0.5483,116.5219,212.6884
OS,1,L,1,46,0.5474,116.3192,0.5481,116.4826,212.7208
OS,1,L,1,47,0.5474,116.3153,0.5459,115.9972,213.3466
OS,1,L,1,48,0.5472,116.2718,0.547,116.2311,213.4322
OS,1,L,1,49,0.5471,116.2699,0.5464,116.1195,213.5455
OS,1,L,1,50,0.547,116.2311,0.5453,115.8874,208.6655
OS,1,L,1,51,0.5467,116.1708,0.5448,115.78,208.9033
OS,1,L,1,52,0.5466,116.1603,0.5452,115.8621,209.6069
OS,1,L,1,53,0.5465,116.1283,0.5462,116.0779,209.6061
OS,1,L,1,54,0.5465,116.1283,0.5457,115.9657,208.8551
OS,1,L,1,55,0.5465,116.1272,0.5464,116.1032,209.2452
OS,1,L,1,56,0.5465,116.1272,0.5461,116.0567,213.4768
OS,1,L,1,57,0.5465,116.1272,0.5466,116.1603,213.8786
OS,1,L,1,58,0.5465,116.1272,0.5474,116.3153,213.2496
OS,1,L,1,59,0.5465,116.1272,0.5472,116.2718,213.0299
OS,1,L,1,60,0.5465,116.1283,0.5467,116.1708,209.5724
OS,1,L,1,61,0.5465,116.1283,0.5471,116.2699,210.118
OS,1,L,1,62,0.5466,116.1434,0.5465,116.1272,209.1046
OS,1,L,1,63,0.5466,116.1603,0.5452,115.8577,211.2927
OS,1,L,1,64,0.5467,116.1708,0.5454,115.9089,211.8789
OS,1,L,1,65,0.5467,116.1769,0.5465,116.1283,211.7719
OS,1,L,1,66,0.5471,116.2699,0.5466,116.1434,211.2124
OS,1,L,1,67,0.5472,116.2718,0.5458,115.9925,211.0683
OS,1,L,1,68,0.5474,116.3153,0.5467,116.1769,211.1509
OS,1,L,1,69,0.5475,116.3375,0.5475,116.3375,211.722
OS,1,L,1,70,0.5475,116.3524,0.5475,116.3524,211.2757
OS,1,L,1,71,0.5479,116.4367,0.5479,116.4367,212.3949
OS,1,L,1,72,0.5479,116.4386,0.5479,116.4386,212.5627
OS,1,L,1,73,0.5486,116.5889,0.5486,116.5889,211.7544
OS,1,L,1,74,0.5493,116.7271,0.5493,116.7271,212.3136
OS,1,L,1,75,0.5494,116.7462,0.5494,116.7462,212.4621
OS,1,L,1,76,0.5497,116.8121,0.5503,116.9477,212.3131
OS,1,L,1,77,0.5497,116.8136,0.5497,116.8121,211.8567
OS,1,L,1,78,0.5498,116.8436,0.5497,116.8136,211.9604
OS,1,L,1,79,0.5499,116.849,0.5501,116.8886,212.9021
OS,1,L,1,80,0.5501,116.8886,0.5499,116.849,212.414
OS,1,L,1,81,0.5502,116.9243,0.5502,116.9243,212.2516
OS,1,L,1,82,0.5503,116.9477,0.5498,116.8436,212.2905
OS,1,L,1,83,0.5507,117.0276,0.5507,117.0276,211.7042
OS,1,L,1,84,0.551,117.0844,0.551,117.0844,211.9543
OS,1,L,1,85,0.5521,117.3151,0.5521,117.3151,212.1298
OS,1,L,1,86,0.5521,117.3281,0.5521,117.3281,211.3714
OS,1,L,1,87,0.5522,117.3414,0.5522,117.3414,211.2689
OS,1,L,1,88,0.5529,117.4851,0.5529,117.4851,211.4865
OS,1,L,1,89,0.5537,117.6596,0.5537,117.6596,212.5707
OS,1,L,1,90,0.5544,117.8076,0.5544,117.8076,211.9604
OS,1,L,1,91,0.5551,117.95,0.5551,117.95,211.5472
OS,1,L,1,92,0.5556,118.0722,0.5562,118.1867,211.4565
OS,1,L,1,93,0.5558,118.1193,0.5556,118.0722,211.7182
OS,1,L,1,94,0.5562,118.1867,0.5569,118.3435,211.9322
OS,1,L,1,95,0.5569,118.3435,0.557,118.3691,212.2982
OS,1,L,1,96,0.5569,118.3497,0.5558,118.1193,211.8562
OS,1,L,1,97,0.557,118.3691,0.5572,118.4033,211.9298
OS,1,L,1,98,0.5572,118.4033,0.5577,118.5123,211.8151
OS,1,L,1,99,0.5577,118.5123,0.5569,118.3497,211.2666
OS,1,L,1,100,0.5581,118.5885,0.5581,118.5885,211.2936
OS,1,L,1,101,0.5584,118.6555,0.5584,118.6555,212.6863
OS,1,L,1,102,0.5588,118.7387,0.5588,118.7387,211.5797
OS,1,L,1,103,0.559,118.7848,0.5595,118.9048,212.323
OS,1,L,1,104,0.5591,118.817,0.5592,118.8316,211.8785
OS,1,L,1,105,0.5592,118.8316,0.5591,118.817,212.0016
OS,1,L,1,106,0.5595,118.9048,0.5606,119.1234,211.329
OS,1,L,1,107,0.5596,118.9089,0.559,118.7848,211.6478
OS,1,L,1,108,0.5599,118.9752,0.5596,118.9089,215.0082
OS,1,L,1,109,0.5603,119.0662,0.561,119.221,214.0364
OS,1,L,1,110,0.5603,119.0662,0.5606,119.1348,213.902
OS,1,L,1,111,0.5603,119.0662,0.5616,119.3308,210.3015
OS,1,L,1,112,0.5603,119.0662,0.5619,119.4041,213.1355
OS,1,L,1,113,0.5603,119.0662,0.5613,119.2827,212.9333
OS,1,L,1,114,0.5603,119.0662,0.5613,119.2763,213.6172
OS,1,L,1,115,0.5603,119.0662,0.562,119.4196,213.2916
OS,1,L,1,116,0.5603,119.0662,0.5621,119.4454,212.8698
OS,1,L,1,117,0.5603,119.0662,0.562,119.4229,213.1058
OS,1,L,1,118,0.5603,119.0662,0.5612,119.247,213.5113
OS,1,L,1,119,0.5599,118.9752,0.5606,119.1215,213.4116
OS,1,L,1,120,0.5599,118.9752,0.5599,118.9752,213.6159
OS,1,L,1,121,0.5599,118.9752,0.5603,119.0662,214.1468
OS,1,L,1,122,0.5597,118.9319,0.5596,118.9077,210.2253
OS,1,L,1,123,0.5597,118.9299,0.5597,118.9319,214.0792
OS,1,L,1,124,0.5597,118.927,0.5597,118.9299,210.52
OS,1,L,1,125,0.5596,118.9077,0.5583,118.6414,210.5526
OS,1,L,1,126,0.5595,118.8927,0.5583,118.6506,210.3067
OS,1,L,1,127,0.5595,118.8927,0.5597,118.927,210.7195
OS,1,L,1,128,0.5595,118.8927,0.5593,118.8606,210.9871
OS,1,L,1,129,0.5595,118.8927,0.5595,118.8927,211.469
OS,1,L,1,130,0.5595,118.8857,0.5589,118.7577,210.9772
OS,1,L,1,131,0.5593,118.8606,0.5589,118.7766,211.3988
OS,1,L,1,132,0.5592,118.8254,0.5592,118.8254,211.5245
OS,1,L,1,133,0.5591,118.8185,0.5589,118.7609,210.7201
OS,1,L,1,134,0.5591,118.8085,0.5587,118.7239,211.376
OS,1,L,1,135,0.559,118.7858,0.5577,118.5102,211.2412
OS,1,L,1,136,0.5589,118.7766,0.5591,118.8185,211.4016
OS,1,L,1,137,0.5589,118.7632,0.5591,118.8085,211.4983
OS,1,L,1,138,0.5589,118.7632,0.5589,118.7632,211.4278
OS,1,L,1,139,0.5589,118.7632,0.5599,118.9694,214.6616
OS,1,L,1,140,0.5589,118.7609,0.5599,118.9898,211.8401
OS,1,L,1,141,0.5589,118.7577,0.5598,118.9609,211.2083
OS,1,L,1,142,0.5587,118.7239,0.5595,118.8857,211.4541
OS,1,L,1,143,0.5577,118.5102,0.559,118.7858,211.1901
OS,1,L,1,144,0.557,118.3736,0.5525,117.4136,212.9973
OS,1,L,1,145,0.5564,118.2298,0.5564,118.2298,213.5234
OS,1,L,1,146,0.5559,118.1194,0.557,118.3736,212.8715
OS,1,L,1,147,0.5551,117.9651,0.5559,118.1194,213.6395
OS,1,L,1,148,0.5543,117.7897,0.5543,117.7897,213.7063
OS,1,L,1,149,0.5541,117.7474,0.5551,117.9651,213.2376
OS,1,L,1,150,0.5533,117.5699,0.5541,117.7474,213.3428
OS,1,L,1,151,0.5529,117.485,0.5533,117.5699,213.3408
OS,1,L,1,152,0.5525,117.4136,0.5529,117.485,213.0167
OS,1,L,1,153,0.5525,117.4053,0.5525,117.4053,212.453
OS,1,L,1,154,0.5522,117.3451,0.5522,117.3451,213.0973
OS,1,L,1,155,0.5518,117.2522,0.5518,117.2522,212.8835
OS,1,L,1,156,0.5518,117.2522,0.5511,117.1118,212.2897
OS,1,L,1,157,0.5518,117.2522,0.5514,117.1798,213.5782
OS,1,L,1,158,0.5518,117.2522,0.5517,117.2429,213.0577
OS,1,L,1,159,0.5518,117.2522,0.5515,117.1864,212.609
OS,1,L,1,160,0.5518,117.2522,0.5512,117.1387,215.6381
OS,1,L,1,161,0.5518,117.2522,0.5505,116.9729,212.3294
OS,1,L,1,162,0.5517,117.2469,0.5513,117.1489,212.3764
OS,1,L,1,163,0.5517,117.2429,0.5512,117.1254,212.9699
OS,1,L,1,164,0.5517,117.2385,0.5504,116.9686,212.6976
OS,1,L,1,165,0.5515,117.1864,0.5514,117.184,212.2571
OS,1,L,1,166,0.5514,117.184,0.5514,117.1688,212.3764
OS,1,L,1,167,0.5514,117.1798,0.5517,117.2385,212.85
OS,1,L,1,168,0.5514,117.1688,0.552,117.3005,213.0761
OS,1,L,1,169,0.5514,117.1688,0.5524,117.3881,212.313
OS,1,L,1,170,0.5513,117.1489,0.5523,117.3731,212.3887
OS,1,L,1,171,0.5512,117.1387,0.5526,117.4257,212.411
OS,1,L,1,172,0.5512,117.1254,0.5523,117.3599,215.4985
OS,1,L,1,173,0.5505,116.973,0.5519,117.279,212.5432
OS,1,L,1,174,0.5505,116.973,0.5517,117.2469,213.1462
OS,1,L,1,175,0.5504,116.9686,0.5505,116.973,210.9075
OS,1,L,1,176,0.5503,116.9502,0.5503,116.9502,209.5561
OS,1,L,1,177,0.5493,116.7254,0.5493,116.7254,210.068
OS,1,L,1,178,0.5491,116.6783,0.5491,116.6783,210.4825
OS,1,L,1,179,0.5485,116.5508,0.5485,116.5508,209.8017
OS,1,L,1,180,0.5483,116.5153,0.548,116.4617,212.888
OS,1,L,1,181,0.5481,116.4648,0.5479,116.4321,210.4306
OS,1,L,1,182,0.548,116.4617,0.5483,116.5153,209.6607
OS,1,L,1,183,0.5479,116.4321,0.5481,116.4648,208.7015
OS,1,L,1,184,0.5479,116.427,0.5471,116.2613,212.3952
OS,1,L,1,185,0.5471,116.2613,0.5479,116.427,209.436
OS,1,L,1,186,0.5464,116.1161,0.5464,116.1161,210.1807
OS,1,L,1,187,0.546,116.0313,0.546,116.0201,209.176
OS,1,L,1,188,0.546,116.0201,0.546,116.0313,208.8275
OS,1,L,1,189,0.5457,115.9642,0.5457,115.9642,210.5932
OS,1,L,1,190,0.5456,115.932,0.5456,115.932,210.2527
OS,1,L,1,191,0.5453,115.8859,0.5453,115.8859,209.8921
OS,1,L,1,192,0.545,115.8177,0.545,115.8177,210.5379
OS,1,L,1,193,0.5443,115.6573,0.5437,115.5278,210.2779
OS,1,L,1,194,0.5437,115.5278,0.5443,115.6573,211.342
OS,1,L,1,195,0.5429,115.373,0.5429,115.373,210.0556
OS,1,L,1,196,0.5407,114.9072,0.5407,114.9072,209.8855
OS,1,L,1,197,0.5407,114.9072,0.5401,114.7623,211.1937
OS,1,L,1,198,0.5407,114.9072,0.5399,114.7318,211.229
OS,1,L,1,199,0.5407,114.9072,0.5384,114.4127,210.3652
OS,1,L,1,200,0.5407,114.9072,0.5378,114.2848,210.4037
OS,1,L,1,201,0.5407,114.9072,0.5387,114.4702,211.3212
OS,1,L,1,202,0.5407,114.9072,0.5377,114.2532,210.4545
OS,1,L,1,203,0.5407,114.9072,0.5375,114.2222,211.8377
OS,1,L,1,204,0.5407,114.9072,0.5381,114.3544,211.2669
OS,1,L,1,205,0.5407,114.9072,0.5386,114.451,211.5256
OS,1,L,1,206,0.5407,114.9072,0.5392,114.5834,210.7071
OS,1,L,1,207,0.5407,114.9072,0.5399,114.72,210.9933
OS,1,L,1,208,0.5407,114.9072,0.5403,114.8175,210.8932
OS,1,L,1,209,0.5416,115.0999,0.5416,115.0999,210.2532
OS,1,L,1,210,0.5424,115.2693,0.5424,115.2693,210.4942
OS,1,L,1,211,0.5434,115.4749,0.5434,115.4749,210.3289
OS,1,L,1,212,0.5445,115.7143,0.5445,115.7143,210.5735
OS,1,L,1,213,0.5457,115.9571,0.5457,115.9571,212.0076
OS,1,L,1,214,0.5474,116.3286,0.5474,116.3286,210.9781
OS,1,L,1,215,0.5483,116.5085,0.5483,116.5085,211.9539
OS,1,L,1,216,0.5496,116.7852,0.5496,116.7852,211.9474
OS,1,L,1,217,0.5504,116.9658,0.5504,116.9658,210.376
OS,1,L,1,218,0.5516,117.2168,0.5519,117.2703,211.292
OS,1,L,1,219,0.5519,117.2703,0.552,117.2908,210.8252
OS,1,L,1,220,0.552,117.2908,0.5516,117.2168,211.9231
OS,1,L,1,221,0.5525,117.417,0.5527,117.4578,211.1978
OS,1,L,1,222,0.5527,117.4578,0.5525,117.417,211.9302
OS,1,L,1,223,0.5532,117.5515,0.5532,117.5515,210.3162
OS,1,L,1,224,0.5538,117.6875,0.5538,117.6875,211.8693
OS,1,L,1,225,0.5545,117.8305,0.5545,117.8359,215.223
OS,1,L,1,226,0.5545,117.8359,0.5545,117.8305,213.3581
OS,1,L,1,227,0.5557,118.0777,0.5557,118.0777,212.8504
OS,1,L,1,228,0.5559,118.1366,0.5572,118.3989,215.2374
OS,1,L,1,229,0.5559,118.1366,0.5568,118.3143,212.7316
OS,1,L,1,230,0.5559,118.1366,0.5567,118.2964,211.5964
OS,1,L,1,231,0.5559,118.1366,0.5569,118.3357,217.6882
OS,1,L,1,232,0.5559,118.1366,0.5574,118.4588,211.9883
OS,1,L,1,233,0.5559,118.1366,0.5572,118.4086,212.4027
OS,1,L,1,234,0.5559,118.1366,0.5573,118.4178,211.9644
OS,1,L,1,235,0.5559,118.1366,0.5561,118.1788,211.4837
OS,1,L,1,236,0.5559,118.1366,0.5569,118.3355,213.2262
OS,1,L,1,237,0.5559,118.1366,0.5575,118.4778,212.128
OS,1,L,1,238,0.5559,118.1366,0.5581,118.588,211.6916
OS,1,L,1,239,0.5559,118.1366,0.5569,118.3417,212.8557
OS,1,L,1,240,0.5559,118.1366,0.5559,118.1366,216.3064
OS,1,L,1,241,0.5555,118.0516,0.5551,117.9561,212.4292
OS,1,L,1,242,0.5555,118.0355,0.5555,118.0355,212.3929
OS,1,L,1,243,0.5555,118.0355,0.5555,118.0516,216.5638
OS,1,L,1,244,0.5555,118.0355,0.5549,117.9073,211.9672
OS,1,L,1,245,0.5555,118.0355,0.5548,117.889,212.0385
OS,1,L,1,246,0.5552,117.9868,0.5542,117.7709,213.1693
OS,1,L,1,247,0.5552,117.9868,0.5538,117.6767,212.9253
OS,1,L,1,248,0.5551,117.9561,0.5531,117.5256,212.7685
OS,1,L,1,249,0.5549,117.9073,0.5535,117.6098,212.3786
OS,1,L,1,250,0.5548,117.8989,0.5542,117.775,215.65
OS,1,L,1,251,0.5548,117.8919,0.5539,117.7078,216.671
OS,1,L,1,252,0.5548,117.889,0.5539,117.6991,216.3674
OS,1,L,1,253,0.5546,117.8478,0.5548,117.8919,215.7555
OS,1,L,1,254,0.5542,117.775,0.5548,117.8989,216.0786
OS,1,L,1,255,0.5542,117.7709,0.5561,118.1682,216.796
OS,1,L,1,256,0.5541,117.7576,0.5564,118.2276,215.6683
OS,1,L,1,257,0.5541,117.7511,0.5563,118.2178,215.708
OS,1,L,1,258,0.554,117.7313,0.5552,117.9868,216.725
OS,1,L,1,259,0.5539,117.7121,0.5554,118.0245,219.2591
OS,1,L,1,260,0.5539,117.7121,0.5546,117.8478,215.973
OS,1,L,1,261,0.5539,117.7121,0.5539,117.7121,214.4794
OS,1,L,1,262,0.5539,117.7121,0.5541,117.7576,214.7366
OS,1,L,1,263,0.5539,117.7078,0.5534,117.6061,215.8373
OS,1,L,1,264,0.5539,117.6991,0.5541,117.7511,215.7648
OS,1,L,1,265,0.5534,117.6061,0.5533,117.5768,222.463
OS,1,L,1,266,0.5533,117.5768,0.554,117.7313,216.5111
OS,1,L,1,267,0.5527,117.4585,0.5527,117.4585,216.5981
OS,1,L,1,268,0.5527,117.4425,0.5511,117.1037,214.542
OS,1,L,1,269,0.5515,117.1977,0.5502,116.9194,214.9723
OS,1,L,1,270,0.5515,117.1977,0.5504,116.963,212.0402
OS,1,L,1,271,0.5515,117.1912,0.5515,117.1977,214.5874
OS,1,L,1,272,0.5514,117.1681,0.5509,117.059,215.5136
OS,1,L,1,273,0.5513,117.162,0.5514,117.1681,214.8346
OS,1,L,1,274,0.5512,117.1248,0.5527,117.4425,215.2423
OS,1,L,1,275,0.5511,117.1037,0.5501,116.8983,215.9473
OS,1,L,1,276,0.5511,117.1037,0.551,117.0896,215.4372
OS,1,L,1,277,0.5511,117.1011,0.5512,117.1248,215.9877
OS,1,L,1,278,0.551,117.0896,0.5507,117.0235,215.2943
OS,1,L,1,279,0.5509,117.0769,0.5513,117.162,216.5219
OS,1,L,1,280,0.5509,117.0665,0.5509,117.0769,216.8334
OS,1,L,1,281,0.5509,117.059,0.5507,117.0211,214.8104
OS,1,L,1,282,0.5509,117.059,0.5519,117.2809,216.6878
OS,1,L,1,283,0.5509,117.059,0.5515,117.1912,215.7309
OS,1,L,1,284,0.5509,117.059,0.5511,117.1011,214.3102
OS,1,L,1,285,0.5509,117.0665,0.5505,116.9929,216.2756
OS,1,L,1,286,0.5509,117.0665,0.5508,117.0544,214.9886
OS,1,L,1,287,0.5509,117.0665,0.5509,117.0665,216.4544
OS,1,L,1,288,0.5509,117.0769,0.5516,117.2079,215.0254
OS,1,L,1,289,0.5509,117.0766,0.5504,116.9648,212.4216
OS,1,L,1,290,0.5509,117.0665,0.5503,116.9492,212.3581
OS,1,L,1,291,0.5509,117.0665,0.5508,117.0508,212.8882
OS,1,L,1,292,0.5508,117.0544,0.5501,116.8975,213.4309
OS,1,L,1,293,0.5508,117.0508,0.5493,116.7331,212.7229
OS,1,L,1,294,0.5508,117.0508,0.5508,117.041,211.4817
OS,1,L,1,295,0.5508,117.0475,0.5508,117.0475,212.5499
OS,1,L,1,296,0.5508,117.0445,0.5516,117.2238,212.7141
OS,1,L,1,297,0.5508,117.041,0.5516,117.2242,212.0804
OS,1,L,1,298,0.5508,117.041,0.551,117.0812,212.0257
OS,1,L,1,299,0.5504,116.9667,0.552,117.2919,212.1171
OS,1,L,1,300,0.5504,116.9648,0.5519,117.2746,211.8905
OS,1,L,1,301,0.5504,116.9579,0.5509,117.0766,211.8555
OS,1,L,1,302,0.5503,116.9492,0.5502,116.9161,211.827
OS,1,L,1,303,0.5502,116.9161,0.5492,116.7018,211.9956
OS,1,L,1,304,0.5501,116.8975,0.5508,117.0445,212.24
OS,1,L,1,305,0.5499,116.8554,0.5504,116.9667,210.7901
OS,1,L,1,306,0.5499,116.8554,0.5497,116.8229,212.5589
OS,1,L,1,307,0.5499,116.8464,0.5504,116.9579,212.6519
OS,1,L,1,308,0.5499,116.8464,0.5499,116.8554,212.0559
OS,1,L,1,309,0.5498,116.8342,0.549,116.6627,212.329
OS,1,L,1,310,0.5498,116.8259,0.5498,116.8342,211.609
OS,1,L,1,311,0.5498,116.8259,0.5499,116.8464,211.5381
OS,1,L,1,312,0.5498,116.8259,0.5496,116.7995,213.0063
OS,1,L,1,313,0.5498,116.8259,0.5488,116.6172,212.0424
OS,1,L,1,314,0.5498,116.8259,0.5486,116.5701,214.824
OS,1,L,1,315,0.5498,116.8259,0.5493,116.7363,214.8524
OS,1,L,1,316,0.5498,116.8342,0.5495,116.7722,216.3601
OS,1,L,1,317,0.5498,116.8342,0.5485,116.5612,215.9805
OS,1,L,1,318,0.5498,116.8342,0.549,116.6712,215.664
OS,1,L,1,319,0.5499,116.8464,0.5489,116.6319,212.5619
OS,1,L,1,320,0.5499,116.8464,0.5499,116.8528,212.9248
OS,1,L,1,321,0.5499,116.8464,0.5498,116.8259,213.4661
OS,1,L,1,322,0.5499,116.8528,0.5497,116.8187,211.8473
OS,1,L,1,323,0.5504,116.9664,0.5504,116.9664,213.5778
OS,1,L,1,324,0.5509,117.059,0.5518,117.2597,216.6195
OS,1,L,1,325,0.5518,117.2597,0.5509,117.059,216.6564
OS,1,L,1,326,0.5528,117.4811,0.5528,117.4811,214.5602
OS,1,L,1,327,0.5536,117.6422,0.5548,117.8992,216.7027
OS,1,L,1,328,0.5539,117.6975,0.5549,117.9221,216.5802
OS,1,L,1,329,0.5545,117.8244,0.555,117.93,216.3694
OS,1,L,1,330,0.5547,117.8683,0.555,117.9358,215.6743
OS,1,L,1,331,0.5548,117.8992,0.5545,117.8244,215.399
OS,1,L,1,332,0.5548,117.9031,0.5549,117.9213,216.8106
OS,1,L,1,333,0.5549,117.9213,0.5536,117.6422,214.7068
OS,1,L,1,334,0.5549,117.9221,0.5547,117.8683,216.9681
OS,1,L,1,335,0.555,117.93,0.5539,117.6975,215.9747
OS,1,L,1,336,0.555,117.9358,0.5554,118.0161,216.8612
OS,1,L,1,337,0.5551,117.9511,0.5548,117.9031,216.2294
OS,1,L,1,338,0.5553,117.9985,0.5551,117.9511,215.2113
OS,1,L,1,339,0.5554,118.0161,0.5553,117.9985,216.3629
OS,1,L,1,340,0.5555,118.0535,0.5562,118.1989,214.232
OS,1,L,1,341,0.556,118.1493,0.556,118.1493,216.6176
OS,1,L,1,342,0.5562,118.1971,0.5563,118.2068,215.3948
OS,1,L,1,343,0.5562,118.1989,0.5575,118.4679,216.5642
OS,1,L,1,344,0.5563,118.2045,0.557,118.3655,217.9474
OS,1,L,1,345,0.5563,118.2068,0.5569,118.3363,216.3012
OS,1,L,1,346,0.5563,118.2068,0.5572,118.3985,217.0902
OS,1,L,1,347,0.5564,118.2347,0.5564,118.2347,215.8896
OS,1,L,1,348,0.5564,118.2451,0.5566,118.2802,216.2903
OS,1,L,1,349,0.5564,118.2451,0.5564,118.2451,216.9078
OS,1,L,1,350,0.5564,118.2451,0.5562,118.1971,216.0977
OS,1,L,1,351,0.5564,118.2463,0.5555,118.0535,216.1718
OS,1,L,1,352,0.5566,118.2802,0.557,118.3661,216.1129
OS,1,L,1,353,0.5568,118.3154,0.5568,118.3154,215.1029
OS,1,L,1,354,0.5568,118.3162,0.5564,118.2463,216.3967
OS,1,L,1,355,0.5569,118.3363,0.5579,118.556,219.5055
OS,1,L,1,356,0.5569,118.3363,0.5563,118.2045,216.0676
OS,1,L,1,357,0.5569,118.3363,0.5571,118.388,215.083
OS,1,L,1,358,0.557,118.3661,0.5561,118.1829,216.1501
OS,1,L,1,359,0.557,118.3661,0.5574,118.4464,216.2677
OS,1,L,1,360,0.557,118.3682,0.5568,118.3162,219.2957
OS,1,L,1,361,0.5571,118.388,0.5564,118.233,216.4571
OS,1,L,1,362,0.5572,118.4009,0.5561,118.1664,214.8677
OS,1,L,1,363,0.5574,118.4464,0.557,118.3682,215.0302
OS,1,L,1,364,0.5574,118.4538,0.5572,118.4009,218.7439
OS,1,L,1,365,0.5579,118.556,0.5579,118.5562,219.4322
OS,1,L,1,366,0.5579,118.5562,0.5574,118.4538,216.5504
OS,1,L,1,367,0.5581,118.5924,0.5581,118.5924,216.5373
OS,1,L,1,368,0.5581,118.5924,0.5589,118.7582,215.7457
OS,1,L,1,369,0.5581,118.5924,0.5595,118.8883,218.4102
OS,1,L,1,370,0.5581,118.5924,0.5602,119.053,216.235
OS,1,L,1,371,0.5581,118.5924,0.5606,119.1358,218.3438
OS,1,L,1,372,0.5581,118.5924,0.5588,118.7524,215.3989
OS,1,L,1,373,0.5581,118.5924,0.5607,119.14,215.2617
OS,1,L,1,374,0.5581,118.5924,0.5617,119.3644,215.4009
OS,1,L,1,375,0.5581,118.5924,0.5599,118.9734,215.4628
OS,1,L,1,376,0.5581,118.5924,0.5597,118.9337,218.3628
OS,1,L,1,377,0.5581,118.5924,0.5596,118.9194,216.3003
OS,1,L,1,378,0.5581,118.5924,0.5606,119.124,214.5113
OS,1,L,1,379,0.5581,118.5924,0.5606,119.1337,216.3306
OS,1,L,1,380,0.5415,115.0713,0.527,111.994,213.6617
OS,1,L,1,381,0.527,111.994,0.4885,103.8032,207.0562
OS,1,L,1,382,0.5268,111.942,0.5268,111.942,213.4979
OS,1,L,1,383,0.5238,111.3097,0.5415,115.0713,217.731
OS,1,L,1,384,0.5022,106.7183,0.5238,111.3097,215.0694
OS,1,L,1,385,0.4885,103.8032,0.5022,106.7183,215.6356
OS,1,L,1,386,0.4878,103.648,0.4878,103.648,215.6624
OS,1,L,1,387,0.4678,99.405,0.4678,99.405,215.2331
OS,1,L,1,388,0.4531,96.2863,0.4531,96.2863,216.2183
OS,1,L,1,389,0.4374,92.9497,0.4374,92.9497,216.1389
OS,1,L,1,390,0.423,89.8917,0.423,89.8917,208.4521
OS,1,L,1,391,0.4106,87.2533,0.4106,87.2533,211.1961
OS,1,L,1,392,0.3976,84.4893,0.3976,84.4893,211.527
OS,1,L,1,393,0.386,82.0221,0.386,82.0221,211.6899
OS,1,L,1,394,0.3743,79.534,0.3743,79.534,208.8714
OS,1,L,1,395,0.3651,77.59,0.3651,77.59,215.8215
OS,1,L,1,396,0.3555,75.5422,0.3555,75.5422,208.5109
OS,1,L,1,397,0.3464,73.6024,0.3464,73.6024,208.1976
OS,1,L,1,398,0.3414,72.55,0.3414,72.55,208.2863
OS,1,L,1,399,0.3327,70.6902,0.3327,70.6902,208.9054
OS,1,L,1,400,0.3259,69.2581,0.3259,69.2581,208.5813
OS,1,L,1,401,0.3207,68.1504,0.3207,68.1504,208.5598
OS,1,L,1,402,0.3144,66.8104,0.3144,66.8104,209.454
OS,1,L,1,403,0.3126,66.4344,0.3126,66.4344,209.3255
OS,1,L,1,404,0.3117,66.2293,0.3117,66.2293,209.5815
OS,1,L,1,405,0.3046,64.7211,0.3046,64.7211,211.0504
OS,1,L,1,406,0.3005,63.8596,0.3005,63.8596,209.2576
OS,1,L,1,407,0.2977,63.2515,0.2977,63.2515,209.532
OS,1,L,1,408,0.294,62.4695,0.294,62.4695,210.0147
OS,1,L,1,409,0.2895,61.5089,0.2895,61.5089,210.0955
OS,1,L,1,410,0.2894,61.4901,0.2894,61.4901,210.3623
OS,1,L,1,411,0.2862,60.8105,0.2862,60.8105,209.9328
OS,1,L,1,412,0.2861,60.7998,0.2861,60.7998,210.423
OS,1,L,1,413,0.2809,59.6974,0.2809,59.6974,212.3961
OS,1,L,1,414,0.2806,59.6331,0.2806,59.6331,210.9637
OS,1,L,1,415,0.2787,59.232,0.2787,59.232,210.8862
OS,1,L,1,416,0.2775,58.9761,0.2775,58.9761,210.2223
OS,1,L,1,417,0.2732,58.0653,0.2732,58.0653,210.7936
OS,1,L,1,418,0.271,57.5862,0.2703,57.4481,211.0204
OS,1,L,1,419,0.2703,57.4481,0.271,57.5862,211.7397
OS,1,L,1,420,0.2693,57.2372,0.2693,57.2372,210.2631
OS,1,L,1,421,0.2637,56.0385,0.2637,56.0385,211.436
OS,1,L,1,422,0.2613,55.5286,0.2613,55.5286,211.0639
OS,1,L,1,423,0.2596,55.1585,0.2596,55.1585,210.9491
OS,1,L,1,424,0.2596,55.1585,0.2578,54.7795,210.8964
OS,1,L,1,425,0.2596,55.1585,0.2533,53.8279,210.6046
OS,1,L,1,426,0.2596,55.1585,0.252,53.5515,210.7191
OS,1,L,1,427,0.2596,55.1585,0.2512,53.3885,210.9424
OS,1,L,1,428,0.2596,55.1585,0.2494,52.9894,211.2515
OS,1,L,1,429,0.2596,55.1585,0.2495,53.0121,211.3612
OS,1,L,1,430,0.2596,55.1585,0.2476,52.6099,211.6966
OS,1,L,1,431,0.2596,55.1585,0.2503,53.1871,212.2383
OS,1,L,1,432,0.2596,55.1585,0.2504,53.216,212.1501
OS,1,L,1,433,0.2596,55.1585,0.254,53.9805,211.6076
OS,1,L,1,434,0.2596,55.1585,0.253,53.7678,211.1138
OS,1,L,1,435,0.2596,55.1585,0.2584,54.9046,211.5404
OS,1,L,1,436,0.2607,55.4081,0.2607,55.4081,212.0241
OS,1,L,1,437,0.2614,55.5491,0.2614,55.5491,211.1884
OS,1,L,1,438,0.2654,56.4016,0.2666,56.6557,211.3487
OS,1,L,1,439,0.2663,56.5961,0.2687,57.1068,211.6547
OS,1,L,1,440,0.2666,56.6557,0.2732,58.0462,210.9641
OS,1,L,1,441,0.2667,56.6816,0.272,57.81,210.1626
OS,1,L,1,442,0.2686,57.0843,0.2734,58.1057,210.7063
OS,1,L,1,443,0.2687,57.0954,0.2725,57.9071,211.5908
OS,1,L,1,444,0.2687,57.1068,0.2727,57.9596,210.8459
OS,1,L,1,445,0.2688,57.1279,0.2689,57.1481,211.7865
OS,1,L,1,446,0.2689,57.135,0.269,57.1571,210.7558
OS,1,L,1,447,0.2689,57.1481,0.2667,56.6816,211.4385
OS,1,L,1,448,0.269,57.1571,0.2654,56.4016,211.7652
OS,1,L,1,449,0.2697,57.3015,0.2687,57.0954,210.7683
OS,1,L,1,450,0.2708,57.5544,0.2686,57.0843,211.1549
OS,1,L,1,451,0.2711,57.6038,0.2663,56.5961,211.0115
OS,1,L,1,452,0.272,57.81,0.2697,57.3015,211.5765
OS,1,L,1,453,0.272,57.81,0.2689,57.135,212.0793
OS,1,L,1,454,0.2711,57.6038,0.2688,57.1279,210.9008
OS,1,L,1,455,0.2708,57.5544,0.2708,57.5544,211.4446
OS,1,L,1,456,0.2697,57.3015,0.2711,57.6038,212.3503
OS,1,L,1,457,0.2691,57.1839,0.2756,58.5656,211.4287
OS,1,L,1,458,0.2691,57.1839,0.275,58.4307,212.0178
OS,1,L,1,459,0.2691,57.1839,0.2777,59.0041,211.7404
OS,1,L,1,460,0.2691,57.1839,0.2771,58.8925,211.911
OS,1,L,1,461,0.2691,57.1839,0.2781,59.0883,211.2863
OS,1,L,1,462,0.2691,57.1839,0.276,58.6541,211.4724
OS,1,L,1,463,0.2691,57.1839,0.2728,57.9607,212.0456
OS,1,L,1,464,0.2691,57.1839,0.2738,58.1753,212.3581
OS,1,L,1,465,0.2689,57.135,0.2735,58.1184,211.2125
OS,1,L,1,466,0.2688,57.1279,0.2691,57.1839,212.0547
OS,1,L,1,467,0.2637,56.0317,0.2637,56.0317,211.6322
OS,1,L,1,468,0.2602,55.3029,0.2602,55.3029,211.7877
OS,1,L,1,469,0.2581,54.8367,0.2581,54.8367,211.7561
OS,1,L,1,470,0.2543,54.0379,0.2543,54.0379,211.9769
OS,1,L,1,471,0.2524,53.6443,0.2511,53.3657,211.7502
OS,1,L,1,472,0.2511,53.3657,0.2524,53.6443,212.3253
OS,1,L,1,473,0.2511,53.3657,0.2471,52.5056,212.5654
OS,1,L,1,474,0.2511,53.3657,0.2489,52.8982,211.6981
OS,1,L,1,475,0.2511,53.3657,0.2506,53.2476,211.0486
OS,1,L,1,476,0.2511,53.3657,0.2446,51.988,212.7344
OS,1,L,1,477,0.2511,53.3657,0.2438,51.8087,212.3383
OS,1,L,1,478,0.2511,53.3657,0.2477,52.6351,211.7725
OS,1,L,1,479,0.2511,53.3657,0.2474,52.5761,211.4976
OS,1,L,1,480,0.2511,53.3657,0.2482,52.7366,211.9896
OS,1,L,1,481,0.2511,53.3657,0.2474,52.5752,211.7708
OS,1,L,1,482,0.2511,53.3657,0.2482,52.7332,211.7761
OS,1,L,1,483,0.2511,53.3657,0.2469,52.4614,212.9852
OS,1,L,1,484,0.2523,53.6143,0.2482,52.7345,212.5042
OS,1,L,1,485,0.2523,53.6143,0.2529,53.7447,211.7054
OS,1,L,1,486,0.2529,53.7447,0.2523,53.6143,212.2801
OS,1,L,1,487,0.2557,54.3338,0.2557,54.3338,212.1504
OS,1,L,1,488,0.2557,54.3349,0.2557,54.3349,212.3244
OS,1,L,1,489,0.2564,54.4903,0.2564,54.4903,212.8459
OS,1,L,1,490,0.2593,55.1042,0.2605,55.3469,212.1698
OS,1,L,1,491,0.2603,55.3168,0.2593,55.1042,211.1578
OS,1,L,1,492,0.2605,55.3469,0.2603,55.3168,211.7052
OS,1,L,1,493,0.2635,55.987,0.2635,55.987,211.1607
OS,1,L,1,494,0.2641,56.1299,0.2643,56.1629,211.8717
OS,1,L,1,495,0.2643,56.1629,0.2641,56.1299,211.3673
OS,1,L,1,496,0.2655,56.4091,0.2655,56.4091,211.3341
OS,1,L,1,497,0.2681,56.9765,0.2681,56.9765,212.1368
OS,1,L,1,498,0.2708,57.5527,0.2708,57.5527,212.2661
OS,1,L,1,499,0.2714,57.6687,0.2714,57.6687,211.4807
OS,1,L,1,500,0.2748,58.3866,0.2748,58.3866,212.6457
OS,1,L,1,501,0.2767,58.7891,0.2767,58.7891,211.9969
OS,1,L,1,502,0.2788,59.2409,0.2822,59.963,211.6637
OS,1,L,1,503,0.2801,59.5136,0.2822,59.968,212.5542
OS,1,L,1,504,0.2808,59.6637,0.2801,59.5136,211.6743
OS,1,L,1,505,0.2813,59.7691,0.2816,59.8433,210.9743
OS,1,L,1,506,0.2816,59.8433,0.2826,60.0452,211.3811
OS,1,L,1,507,0.2817,59.8721,0.2825,60.0389,212.2202
OS,1,L,1,508,0.2819,59.9018,0.2813,59.7691,211.996
OS,1,L,1,509,0.2822,59.963,0.2808,59.6637,211.4358
OS,1,L,1,510,0.2822,59.968,0.2819,59.9018,211.4141
OS,1,L,1,511,0.2825,60.0389,0.2788,59.2409,212.3496
OS,1,L,1,512,0.2826,60.0452,0.2817,59.8721,212.5602
OS,1,L,1,513,0.2837,60.2951,0.2837,60.2951,213.0285
OS,1,L,1,514,0.287,60.9809,0.287,60.9809,212.1255
OS,1,L,1,515,0.292,62.0451,0.292,62.0451,211.1064
OS,1,L,1,516,0.2934,62.345,0.2934,62.345,212.1716
OS,1,L,1,517,0.3005,63.8646,0.3005,63.8646,211.8145
OS,1,L,1,518,0.303,64.3952,0.303,64.3952,212.2559
OS,1,L,1,519,0.308,65.4583,0.308,65.4583,211.635
OS,1,L,1,520,0.317,67.3697,0.317,67.3697,212.7403
OS,1,L,1,521,0.3221,68.4543,0.3221,68.4543,210.9864
OS,1,L,1,522,0.326,69.2834,0.326,69.2834,212.4263
OS,1,L,1,523,0.3274,69.5838,0.3274,69.5838,212.2313
OS,1,L,1,524,0.3338,70.9259,0.3338,70.9259,211.4687
OS,1,L,1,525,0.3383,71.8957,0.3383,71.8957,212.0006
OS,1,L,1,526,0.3419,72.651,0.3419,72.651,211.9075
OS,1,L,1,527,0.3474,73.8307,0.3474,73.8307,211.3057
OS,1,L,1,528,0.3512,74.63,0.3512,74.63,211.2738
OS,1,L,1,529,0.3532,75.0602,0.3532,75.0602,211.8258
OS,1,L,1,530,0.3566,75.7734,0.3566,75.7734,213.0663
OS,1,L,1,531,0.3583,76.1476,0.3583,76.1476,211.8503
OS,1,L,1,532,0.3625,77.0272,0.3625,77.0272,213.7552
OS,1,L,1,533,0.3653,77.6351,0.3653,77.6351,213.407
OS,1,L,1,534,0.3679,78.1752,0.3679,78.1752,212.5732
OS,1,L,1,535,0.3694,78.4969,0.3694,78.4969,212.2198
OS,1,L,1,536,0.375,79.6792,0.3753,79.7594,212.2596
OS,1,L,1,537,0.3753,79.7594,0.375,79.6792,212.1239
OS,1,L,1,538,0.3786,80.4537,0.3786,80.4537,212.7237
OS,1,L,1,539,0.3816,81.086,0.3816,81.086,211.7724
OS,1,L,1,540,0.3839,81.5845,0.3839,81.5845,213.3738
OS,1,L,1,541,0.3865,82.1257,0.3865,82.1257,212.2887
OS,1,L,1,542,0.3913,83.1492,0.3913,83.1492,212.1798
OS,1,L,1,543,0.393,83.5192,0.393,83.5192,212.4312
OS,1,L,1,544,0.3952,83.9783,0.3952,83.9783,213.9179
OS,1,L,1,545,0.3975,84.4748,0.3975,84.4748,213.213
OS,1,L,1,546,0.3998,84.9546,0.3998,84.9546,212.0087
OS,1,L,1,547,0.4016,85.3331,0.4016,85.3331,213.9143
OS,1,L,1,548,0.4032,85.6862,0.4032,85.6862,211.6486
OS,1,L,1,549,0.4063,86.3417,0.4063,86.3417,213.5165
OS,1,L,1,550,0.4092,86.9663,0.4092,86.9663,213.2444
OS,1,L,1,551,0.4117,87.4952,0.4117,87.4952,213.3556
OS,1,L,1,552,0.4122,87.5929,0.4122,87.5929,212.4077
OS,1,L,1,553,0.4148,88.1439,0.4148,88.1439,213.4577
OS,1,L,1,554,0.4151,88.2167,0.4151,88.2167,213.3067
OS,1,L,1,555,0.4175,88.7126,0.4175,88.7126,213.149
OS,1,L,1,556,0.4186,88.955,0.4186,88.955,212.6556
OS,1,L,1,557,0.4219,89.6538,0.4219,89.6538,213.2026
OS,1,L,1,558,0.4231,89.9164,0.4231,89.9164,213.4089
OS,1,L,1,559,0.4247,90.255,0.4247,90.255,212.3049
OS,1,L,1,560,0.4274,90.8291,0.4274,90.8291,213.1117
OS,1,L,1,561,0.4279,90.936,0.4285,91.0608,212.2803
OS,1,L,1,562,0.4279,90.9361,0.4313,91.6601,212.4991
OS,1,L,1,563,0.4283,91.0203,0.4318,91.7528,212.9327
OS,1,L,1,564,0.4285,91.0608,0.4326,91.9295,212.9753
OS,1,L,1,565,0.4295,91.2772,0.4346,92.3457,211.6401
OS,1,L,1,566,0.43,91.3712,0.4329,91.9993,212.2938
OS,1,L,1,567,0.4301,91.3998,0.4309,91.562,212.0249
OS,1,L,1,568,0.4309,91.562,0.4318,91.7486,212.7027
OS,1,L,1,569,0.4311,91.6058,0.4283,91.0203,212.4434
OS,1,L,1,570,0.4313,91.6601,0.4295,91.2772,212.6744
OS,1,L,1,571,0.4318,91.7486,0.4279,90.9361,212.8351
OS,1,L,1,572,0.4318,91.7528,0.4279,90.936,211.2268
OS,1,L,1,573,0.4326,91.9295,0.4301,91.3998,212.0364
OS,1,L,1,574,0.4329,91.9993,0.43,91.3712,212.1062
OS,1,L,1,575,0.4334,92.1032,0.4311,91.6058,211.5054
OS,1,L,1,576,0.4346,92.3457,0.4334,92.1032,212.0138
OS,1,L,1,577,0.436,92.6569,0.436,92.6569,212.8885
OS,1,L,1,578,0.4361,92.6764,0.4361,92.6764,213.2713
OS,1,L,1,579,0.4385,93.1847,0.4385,93.1847,212.4858
OS,1,L,1,580,0.4392,93.3206,0.4392,93.3206,212.8354
OS,1,L,1,581,0.4405,93.598,0.4405,93.598,212.3223
OS,1,L,1,582,0.4413,93.7763,0.4413,93.7763,212.266
OS,1,L,1,583,0.4457,94.7032,0.4457,94.7032,212.6875
OS,1,L,1,584,0.4468,94.942,0.447,94.997,212.8984
OS,1,L,1,585,0.447,94.997,0.4468,94.942,213.2291
OS,1,L,1,586,0.4492,95.4553,0.4492,95.4553,212.3242
OS,1,L,1,587,0.4509,95.8137,0.4509,95.8137,212.7465
OS,1,L,1,588,0.4536,96.3842,0.4536,96.3842,211.8489
OS,1,L,1,589,0.4542,96.523,0.4542,96.523,212.4114
OS,1,L,1,590,0.4557,96.84,0.4557,96.84,212.3954
OS,1,L,1,591,0.4581,97.3545,0.4583,97.3921,212.8015
OS,1,L,1,592,0.4581,97.3548,0.4581,97.3545,212.0794
OS,1,L,1,593,0.4583,97.3921,0.4581,97.3548,211.4815
OS,1,L,1,594,0.4595,97.6403,0.4604,97.8442,212.7794
OS,1,L,1,595,0.4596,97.6754,0.4596,97.6754,212.4359
OS,1,L,1,596,0.4604,97.8442,0.4595,97.6403,212.6581
OS,1,L,1,597,0.4612,98.0062,0.4612,98.0062,211.7551
OS,1,L,1,598,0.4623,98.2302,0.4623,98.2302,211.8965
OS,1,L,1,599,0.4643,98.6676,0.4643,98.6676,211.6503
OS,1,L,1,600,0.466,99.0318,0.466,99.0318,213.1538
OS,1,L,1,601,0.4675,99.3423,0.4675,99.3423,211.9228
OS,1,L,1,602,0.4684,99.5284,0.4684,99.5284,212.5621
OS,1,L,1,603,0.47,99.8773,0.47,99.8773,212.1505
OS,1,L,1,604,0.4717,100.2415,0.4717,100.2415,212.9952
OS,1,L,1,605,0.4741,100.7506,0.4741,100.7506,212.0027
OS,1,L,1,606,0.475,100.9354,0.4753,100.9991,212.6041
OS,1,L,1,607,0.4753,100.9991,0.475,100.9354,212.3047
OS,1,L,1,608,0.4765,101.2679,0.4765,101.2679,213.3354
OS,1,L,1,609,0.477,101.3572,0.4782,101.6112,211.8162
OS,1,L,1,610,0.4782,101.6112,0.477,101.3572,211.7446
OS,1,L,1,611,0.4796,101.9129,0.4796,101.9129,212.0539
OS,1,L,1,612,0.4807,102.1502,0.4807,102.1502,211.6573
OS,1,L,1,613,0.4814,102.3041,0.4814,102.3041,212.4355
OS,1,L,1,614,0.4823,102.4983,0.4823,102.4983,212.3581
OS,1,L,1,615,0.4844,102.9444,0.4844,102.9444,212.0897
OS,1,L,1,616,0.4859,103.2583,0.4859,103.2583,212.4415
OS,1,L,1,617,0.4879,103.6877,0.4886,103.8234,212.2206
OS,1,L,1,618,0.4883,103.7663,0.4879,103.6877,211.7837
OS,1,L,1,619,0.4886,103.8234,0.4883,103.7663,211.342
OS,1,L,1,620,0.4897,104.0712,0.4897,104.0712,211.4465
OS,1,L,1,621,0.4906,104.2454,0.4914,104.4158,211.38
OS,1,L,1,622,0.491,104.3441,0.4906,104.2454,212.1603
OS,1,L,1,623,0.4914,104.4158,0.491,104.3441,211.6827
OS,1,L,1,624,0.4921,104.5659,0.494,104.9677,211.9572
OS,1,L,1,625,0.4927,104.7029,0.4921,104.5659,212.5113
OS,1,L,1,626,0.4936,104.9014,0.4927,104.7029,212.0743
OS,1,L,1,627,0.494,104.9677,0.4936,104.9014,212.1087
OS,1,L,1,628,0.494,104.9677,0.4951,105.2087,213.3243
OS,1,L,1,629,0.494,104.9677,0.4956,105.3234,212.1161
OS,1,L,1,630,0.494,104.9677,0.4965,105.5014,211.962
OS,1,L,1,631,0.494,104.9677,0.4976,105.7446,212.0105
OS,1,L,1,632,0.494,104.9677,0.4991,106.0688,212.5348
OS,1,L,1,633,0.494,104.9677,0.4994,106.1169,213.3569
OS,1,L,1,634,0.494,104.9677,0.4991,106.0621,212.229
OS,1,L,1,635,0.494,104.9677,0.498,105.8204,211.0953
OS,1,L,1,636,0.494,104.9677,0.4983,105.8945,212.1561
OS,1,L,1,637,0.4937,104.913,0.4978,105.7771,212.7691
OS,1,L,1,638,0.4937,104.913,0.497,105.6237,212.0316
OS,1,L,1,639,0.4938,104.941,0.4943,105.0447,213.038
OS,1,L,1,640,0.4943,105.0447,0.4937,104.913,212.1368
OS,1,L,1,641,0.4943,105.0447,0.4935,104.8632,211.5624
OS,1,L,1,642,0.4943,105.0447,0.492,104.561,212.2845
OS,1,L,1,643,0.4943,105.0447,0.4896,104.0512,211.3806
OS,1,L,1,644,0.4943,105.0447,0.491,104.3317,211.5859
OS,1,L,1,645,0.4943,105.0447,0.4909,104.3227,211.5599
OS,1,L,1,646,0.4943,105.0447,0.491,104.3358,210.8478
OS,1,L,1,647,0.4943,105.0447,0.4919,104.5292,212.5719
OS,1,L,1,648,0.4943,105.0447,0.4917,104.4792,211.5582
OS,1,L,1,649,0.4943,105.0447,0.4923,104.6089,211.6684
OS,1,L,1,650,0.4943,105.0447,0.4929,104.7483,211.9745
OS,1,L,1,651,0.4943,105.0447,0.4938,104.941,212.0628
OS,1,L,1,652,0.4947,105.1248,0.4947,105.1248,211.401
OS,1,L,1,653,0.496,105.3909,0.496,105.3909,211.8135
OS,1,L,1,654,0.497,105.6135,0.497,105.6231,213.0705
OS,1,L,1,655,0.497,105.6231,0.497,105.6135,213.2302
OS,1,L,1,656,0.4977,105.7609,0.4977,105.7609,212.0033
OS,1,L,1,657,0.4984,105.9112,0.4984,105.9112,212.3573
OS,1,L,1,658,0.4997,106.1831,0.4997,106.1831,211.7081
OS,1,L,1,659,0.5005,106.3668,0.5006,106.3685,211.9453
OS,1,L,1,660,0.5006,106.3685,0.5005,106.3668,212.4263
OS,1,L,1,661,0.5012,106.4972,0.5012,106.4972,211.9754
OS,1,L,1,662,0.5022,106.7274,0.5024,106.7668,211.3664
OS,1,L,1,663,0.5024,106.7668,0.5038,107.0508,213.0313
OS,1,L,1,664,0.5038,107.0508,0.5022,106.7274,212.0162
OS,1,L,1,665,0.5044,107.1843,0.5046,107.2301,212.882
OS,1,L,1,666,0.5046,107.2301,0.5044,107.1843,211.9177
OS,1,L,1,667,0.5046,107.2301,0.5059,107.4949,211.6859
OS,1,L,1,668,0.5046,107.2301,0.5052,107.3656,211.9102
OS,1,L,1,669,0.5046,107.2301,0.5058,107.4913,212.1843
OS,1,L,1,670,0.5046,107.2301,0.5057,107.4698,212.1577
OS,1,L,1,671,0.5046,107.2301,0.506,107.5219,211.8051
OS,1,L,1,672,0.5046,107.2301,0.5065,107.6427,211.1574
OS,1,L,1,673,0.5046,107.2301,0.5056,107.4505,212.0168
OS,1,L,1,674,0.5046,107.2301,0.5058,107.4863,211.8398
OS,1,L,1,675,0.5046,107.2301,0.506,107.5167,211.6594
OS,1,L,1,676,0.5046,107.2301,0.5059,107.4965,211.4799
OS,1,L,1,677,0.5046,107.2301,0.5049,107.2965,211.8339
OS,1,L,1,678,0.5044,107.1944,0.5047,107.2475,211.8194
OS,1,L,1,679,0.5044,107.1944,0.5038,107.0672,211.6607
OS,1,L,1,680,0.5039,107.0841,0.5044,107.1944,211.5189
OS,1,L,1,681,0.5038,107.0672,0.5039,107.0841,211.8052
OS,1,L,1,682,0.5037,107.0447,0.5035,107.0029,211.4567
OS,1,L,1,683,0.5035,107.0029,0.5029,106.8712,212.5285
OS,1,L,1,684,0.5034,106.9786,0.503,106.8841,211.8252
OS,1,L,1,685,0.5034,106.9786,0.5018,106.6359,211.5907
OS,1,L,1,686,0.5034,106.9786,0.5023,106.7501,211.1376
OS,1,L,1,687,0.5034,106.9786,0.5022,106.7242,211.5941
OS,1,L,1,688,0.5034,106.9786,0.5017,106.6097,211.5129
OS,1,L,1,689,0.5034,106.9786,0.5015,106.5803,211.715
OS,1,L,1,690,0.5034,106.9786,0.5023,106.7504,211.3532
OS,1,L,1,691,0.5034,106.9786,0.5025,106.784,211.8307
OS,1,L,1,692,0.5034,106.9786,0.5028,106.8393,211.289
OS,1,L,1,693,0.5034,106.9786,0.5037,107.0447,211.6671
OS,1,L,1,694,0.5034,106.9786,0.5034,106.9705,211.8692
OS,1,L,1,695,0.5034,106.9705,0.5033,106.9618,212.1467
OS,1,L,1,696,0.5034,106.9705,0.5034,106.9786,213.4778
OS,1,L,1,697,0.5034,106.9705,0.504,107.0971,211.8659
OS,1,L,1,698,0.5034,106.9705,0.5052,107.3529,212.705
OS,1,L,1,699,0.5034,106.9705,0.5051,107.341,211.5972
OS,1,L,1,700,0.5034,106.9786,0.5048,107.2725,211.8227
OS,1,L,1,701,0.5036,107.0163,0.505,107.3184,212.1142
OS,1,L,1,702,0.5037,107.0447,0.5061,107.5518,211.9368
OS,1,L,1,703,0.5037,107.0447,0.5058,107.4769,211.2633
OS,1,L,1,704,0.5037,107.0447,0.5047,107.2493,211.7986
OS,1,L,1,705,0.5037,107.0447,0.5036,107.0163,212.857
OS,1,L,1,706,0.5036,107.0163,0.5041,107.1269,212.9541
OS,1,L,1,707,0.5036,107.0163,0.503,106.8825,213.0717
OS,1,L,1,708,0.5036,107.0163,0.5028,106.8436,213.2234
OS,1,L,1,709,0.5036,107.0163,0.503,106.8812,213.2663
OS,1,L,1,710,0.5034,106.9772,0.5026,106.8027,212.9376
OS,1,L,1,711,0.503,106.8843,0.5029,106.8688,212.8818
OS,1,L,1,712,0.503,106.8825,0.504,107.0987,213.1355
OS,1,L,1,713,0.503,106.8812,0.5057,107.4616,212.2457
OS,1,L,1,714,0.503,106.8812,0.5043,107.1626,211.5619
OS,1,L,1,715,0.5029,106.8688,0.503,106.8843,212.3536
OS,1,L,1,716,0.5029,106.8688,0.5034,106.9772,212.1453
OS,1,L,1,717,0.5029,106.8688,0.5017,106.6071,211.6492
OS,1,L,1,718,0.5029,106.8688,0.5008,106.4153,212.2238
OS,1,L,1,719,0.5029,106.8688,0.5011,106.4947,211.9362
OS,1,L,1,720,0.5029,106.8688,0.5003,106.3122,210.8662
OS,1,L,1,721,0.503,106.8812,0.5007,106.4016,211.4487
OS,1,L,1,722,0.5029,106.8688,0.5009,106.4447,211.2293
OS,1,L,1,723,0.5029,106.8688,0.5013,106.5217,213.4693
OS,1,L,1,724,0.5026,106.8115,0.5016,106.5969,211.9484
OS,1,L,1,725,0.5026,106.8066,0.5025,106.7842,210.9449
OS,1,L,1,726,0.5025,106.7842,0.5033,106.95,213.0947
OS,1,L,1,727,0.5026,106.8066,0.5026,106.8066,211.5394
OS,1,L,1,728,0.5041,107.1297,0.5041,107.1297,212.7043
OS,1,L,1,729,0.5043,107.1741,0.5043,107.1741,213.2092
OS,1,L,1,730,0.5045,107.1998,0.5045,107.1998,213.4211
OS,1,L,1,731,0.5037,107.0418,0.5037,107.0418,211.4119
OS,1,L,1,732,0.5038,107.061,0.5038,107.061,211.3196
OS,1,L,1,733,0.503,106.8905,0.503,106.8905,210.791
OS,1,L,1,734,0.5026,106.8115,0.5026,106.8115,212.3917
OS,1,L,1,735,0.501,106.4543,0.501,106.4543,211.7566
OS,1,L,1,736,0.4994,106.1181,0.4994,106.1181,211.2034
OS,1,L,1,737,0.4993,106.1064,0.4993,106.1064,211.6199
OS,1,L,1,738,0.4993,106.0967,0.4993,106.0967,212.0165
OS,1,L,1,739,0.4984,105.9109,0.4984,105.9109,212.0321
OS,1,L,1,740,0.4967,105.5456,0.4967,105.5456,211.4446
OS,1,L,1,741,0.4921,104.5761,0.4921,104.5761,211.0956
OS,1,L,1,742,0.4876,103.6191,0.4876,103.6191,211.6522
OS,1,L,1,743,0.4827,102.5708,0.4827,102.5708,211.2219
OS,1,L,1,744,0.4746,100.8555,0.4746,100.8555,211.4027
OS,1,L,1,745,0.4725,100.4017,0.4725,100.4017,211.0016
OS,1,L,1,746,0.4683,99.5211,0.4683,99.5211,211.0383
OS,1,L,1,747,0.4664,99.1048,0.4664,99.1048,211.8411
OS,1,L,1,748,0.4653,98.8708,0.4653,98.8708,210.6395
OS,1,L,1,749,0.4644,98.6848,0.4644,98.6848,210.9924
OS,1,L,1,750,0.4648,98.7781,0.4648,98.7781,211.4916
OS,85,R,2,1,0.4768,70.7083,0.4768,70.7083,152.2093
OS,85,R,2,2,0.477,70.7362,0.477,70.7362,149.3659
OS,85,R,2,3,0.4782,70.9201,0.4782,70.9201,149.4296
OS,85,R,2,4,0.4766,70.6776,0.4766,70.6776,150.118
OS,85,R,2,5,0.4763,70.6345,0.4763,70.6345,151.9134
OS,85,R,2,6,0.4772,70.7651,0.4772,70.7651,151.6262
OS,85,R,2,7,0.4773,70.7878,0.4773,70.7878,151.8821
OS,85,R,2,8,0.476,70.5843,0.476,70.5843,151.5705
OS,85,R,2,9,0.4776,70.8223,0.4776,70.8223,148.2186
OS,85,R,2,10,0.4761,70.6112,0.4761,70.6112,151.4911
OS,85,R,2,11,0.4771,70.7603,0.4771,70.7603,153.379
OS,85,R,2,12,0.4768,70.7047,0.4768,70.7047,146.995
OS,85,R,2,13,0.4784,70.9395,0.4784,70.9395,151.9104
OS,85,R,2,14,0.4771,70.7536,0.4771,70.7536,150.6968
OS,85,R,2,15,0.4782,70.9121,0.4782,70.9121,148.3398
OS,85,R,2,16,0.4776,70.8295,0.4776,70.8295,151.8334
OS,85,R,2,17,0.4786,70.9711,0.4786,70.9711,152.0826
OS,85,R,2,18,0.4801,71.1997,0.4801,71.1997,148.2543
OS,85,R,2,19,0.4806,71.2653,0.4806,71.2653,149.746
OS,85,R,2,20,0.4808,71.2995,0.4808,71.2995,152.4862
OS,85,R,2,21,0.4813,71.3748,0.4813,71.3748,150.0869
OS,85,R,2,22,0.4806,71.2761,0.4806,71.2761,153.0338
OS,85,R,2,23,0.4813,71.3812,0.4813,71.3812,147.2403
OS,85,R,2,24,0.4806,71.2761,0.481,71.326,152.7791
OS,85,R,2,25,0.4808,71.2966,0.4719,69.9848,151.4796
OS,85,R,2,26,0.4808,71.2966,0.4797,71.1406,151.5078
OS,85,R,2,27,0.4808,71.2966,0.4793,71.0754,151.9126
OS,85,R,2,28,0.4808,71.2966,0.4813,71.3787,151.6932
OS,85,R,2,29,0.4808,71.2966,0.4809,71.3095,149.2733
OS,85,R,2,30,0.4808,71.2966,0.4808,71.2966,148.6655
OS,85,R,2,31,0.4808,71.2966,0.4823,71.5223,148.4808
OS,85,R,2,32,0.4808,71.2966,0.4826,71.5669,149.7411
OS,85,R,2,33,0.4806,71.2761,0.4829,71.6099,148.9242
OS,85,R,2,34,0.4797,71.1406,0.4693,69.6004,148.8022
OS,85,R,2,35,0.4794,71.0923,0.4852,71.9587,150.661
OS,85,R,2,36,0.4794,71.0923,0.4847,71.8797,150.2197
OS,85,R,2,37,0.4794,71.0923,0.4837,71.7342,150.0677
OS,85,R,2,38,0.4797,71.1406,0.3482,51.6427,175.0064
OS,85,R,2,39,0.4803,71.2222,-1,-1,-1
OS,85,R,2,40,0.4803,71.2222,-1,-1,-1
OS,85,R,2,41,0.4795,71.1073,0.1974,29.2681,134.4435
OS,85,R,2,42,0.4795,71.1073,-1,-1,-1
OS,85,R,2,43,0.4794,71.0923,0.4232,62.7645,146.8452
OS,85,R,2,44,0.4793,71.0816,0.4693,69.5928,151.4281
OS,85,R,2,45,0.4787,70.9841,0.4609,68.3577,148.0905
OS,85,R,2,46,0.4786,70.9774,0.4794,71.0923,148.4194
OS,85,R,2,47,0.4786,70.9774,0.4793,71.0816,150.0769
OS,85,R,2,48,0.4776,70.8283,0.4807,71.293,150.2462
OS,85,R,2,49,0.4764,70.6484,0.4809,71.3233,151.2798
OS,85,R,2,50,0.4761,70.6004,0.4803,71.2269,152.0324
OS,85,R,2,51,0.4761,70.6004,0.4803,71.2222,148.6126
OS,85,R,2,52,0.4761,70.6004,0.4795,71.1073,152.2402
OS,85,R,2,53,0.4761,70.6004,0.4787,70.9841,148.6159
OS,85,R,2,54,0.4761,70.6004,0.4796,71.1184,147.675
OS,85,R,2,55,0.4761,70.6004,0.4786,70.9774,148.2837
OS,85,R,2,56,0.4761,70.6004,0.4671,69.2755,150.9808
OS,85,R,2,57,0.4761,70.6004,0.4776,70.8283,153.3115
OS,85,R,2,58,0.4761,70.6004,0.4761,70.6004,149.6591
OS,85,R,2,59,0.4754,70.4939,0.4764,70.6484,150.1527
OS,85,R,2,60,0.4733,70.1886,0.4754,70.4939,150.2854
OS,85,R,2,61,0.472,69.9909,0.4733,70.1886,149.7961
OS,85,R,2,62,0.4703,69.7445,0.472,69.9909,149.7545
OS,85,R,2,63,0.4703,69.7409,0.4703,69.7409,150.4005
OS,85,R,2,64,0.47,69.6959,0.4703,69.7445,148.8115
OS,85,R,2,65,0.4695,69.6203,0.4684,69.4617,148.3106
OS,85,R,2,66,0.4695,69.6203,0.469,69.546,151.3056
OS,85,R,2,67,0.4692,69.5761,0.4689,69.5402,151.3164
OS,85,R,2,68,0.4692,69.5761,0.467,69.2538,149.9329
OS,85,R,2,69,0.4695,69.6203,0.4664,69.1654,148.5698
OS,85,R,2,70,0.4695,69.6203,0.4677,69.3546,148.5007
OS,85,R,2,71,0.4695,69.6203,0.4664,69.1594,149.8479
OS,85,R,2,72,0.4695,69.6203,0.4674,69.3155,148.751
OS,85,R,2,73,0.4695,69.6203,0.4675,69.3367,148.8493
OS,85,R,2,74,0.4695,69.6203,0.468,69.4067,151.1826
OS,85,R,2,75,0.4695,69.6203,0.4689,69.5391,150.7885
OS,85,R,2,76,0.4695,69.6203,0.47,69.6959,148.9314
OS,85,R,2,77,0.4695,69.6203,0.4695,69.6203,150.4507
OS,85,R,2,78,0.47,69.6959,0.4702,69.7335,148.7787
OS,85,R,2,79,0.4702,69.7335,0.4692,69.5761,148.4434
OS,85,R,2,80,0.4724,70.0491,0.4724,70.0491,148.9855
OS,85,R,2,81,0.473,70.1425,0.473,70.1425,148.6656
OS,85,R,2,82,0.4733,70.1858,0.4737,70.2495,149.6535
OS,85,R,2,83,0.4737,70.2495,0.4733,70.1858,148.0753
OS,85,R,2,84,0.4741,70.306,0.4741,70.306,148.7551
OS,85,R,2,85,0.4751,70.457,0.4751,70.457,148.4812
OS,85,R,2,86,0.4764,70.6488,0.4764,70.6488,149.1074
OS,85,R,2,87,0.4767,70.6897,0.4767,70.6897,149.3051
OS,85,R,2,88,0.4783,70.9288,0.4785,70.9581,149.3476
OS,85,R,2,89,0.4785,70.9581,0.4801,71.199,149.211
OS,85,R,2,90,0.4789,71.0208,0.4791,71.0502,147.6852
OS,85,R,2,91,0.4791,71.0502,0.4783,70.9288,149.6953
OS,85,R,2,92,0.4801,71.199,0.4789,71.0208,150.0123
OS,85,R,2,93,0.4804,71.2415,0.4804,71.2415,151.0594
OS,85,R,2,94,0.4806,71.2756,0.4806,71.2756,151.9856
OS,85,R,2,95,0.4812,71.3611,0.4812,71.3611,149.6568
OS,85,R,2,96,0.4827,71.5883,0.4827,71.5883,150.7446
OS,85,R,2,97,0.4836,71.7181,0.4837,71.7282,149.6265
OS,85,R,2,98,0.4837,71.7282,0.484,71.7755,149.6398
OS,85,R,2,99,0.484,71.7755,0.4851,71.938,149.3472
OS,85,R,2,100,0.4851,71.938,0.4836,71.7181,150.9412
OS,85,R,2,101,0.4857,72.023,0.4857,72.023,150.2352
OS,85,R,2,102,0.4857,72.023,0.4866,72.1648,148.48
OS,85,R,2,103,0.4866,72.1648,0.4878,72.3431,149.5345
OS,85,R,2,104,0.4878,72.3431,0.4882,72.3989,148.62
OS,85,R,2,105,0.4882,72.3989,0.4896,72.6073,150.1779
OS,85,R,2,106,0.4896,72.6073,0.4896,72.6125,148.9008
OS,85,R,2,107,0.4896,72.6125,0.491,72.8102,149.2824
OS,85,R,2,108,0.491,72.8102,0.491,72.8185,148.565
OS,85,R,2,109,0.491,72.8185,0.4915,72.8901,148.2539
OS,85,R,2,110,0.4913,72.8633,0.4924,73.0287,147.6779
OS,85,R,2,111,0.4914,72.8688,0.4925,73.0384,147.9541
OS,85,R,2,112,0.4914,72.8688,0.4916,72.8987,149.6536
OS,85,R,2,113,0.4914,72.8688,0.4921,72.9796,148.9712
OS,85,R,2,114,0.4914,72.8772,0.4854,71.9858,148.13
OS,85,R,2,115,0.4914,72.8772,0.4929,73.0928,149.4714
OS,85,R,2,116,0.4914,72.8772,0.4932,73.1404,149.0454
OS,85,R,2,117,0.4914,72.8772,0.4913,72.8633,147.873
OS,85,R,2,118,0.4914,72.8772,0.492,72.9688,147.7341
OS,85,R,2,119,0.4914,72.8772,0.4922,72.9969,148.6971
OS,85,R,2,120,0.4914,72.8772,0.4923,73.004,149.9338
OS,85,R,2,121,0.4914,72.8772,0.4921,72.9801,148.7119
OS,85,R,2,122,0.4914,72.8688,0.4914,72.8688,148.5725
OS,85,R,2,123,0.4913,72.8633,0.492,72.968,150.0354
OS,85,R,2,124,0.4911,72.8342,0.4911,72.8342,148.1439
OS,85,R,2,125,0.4911,72.8342,0.4902,72.6957,148.3448
OS,85,R,2,126,0.491,72.8148,0.4914,72.8772,149.1282
OS,85,R,2,127,0.4911,72.8342,0.4906,72.7573,148.9928
OS,85,R,2,128,0.491,72.8148,0.4909,72.7983,148.8766
OS,85,R,2,129,0.491,72.8148,0.4906,72.7539,149.3447
OS,85,R,2,130,0.4909,72.7983,0.4898,72.6401,148.5168
OS,85,R,2,131,0.4909,72.7974,0.4894,72.5703,148.6977
OS,85,R,2,132,0.4909,72.7974,0.4893,72.5632,149.56
OS,85,R,2,133,0.4908,72.7787,0.4902,72.7024,149.2095
OS,85,R,2,134,0.4908,72.7787,0.4901,72.6797,147.8013
OS,85,R,2,135,0.4908,72.7787,0.4909,72.7974,148.0739
OS,85,R,2,136,0.4908,72.7781,0.4899,72.6495,149.2342
OS,85,R,2,137,0.4908,72.7781,0.4917,72.922,148.2112
OS,85,R,2,138,0.4908,72.7787,0.491,72.8148,147.8389
OS,85,R,2,139,0.4908,72.7787,0.4917,72.9157,148.8279
OS,85,R,2,140,0.4909,72.794,0.49,72.6731,148.1567
OS,85,R,2,141,0.4908,72.7787,0.4917,72.9251,148.5493
OS,85,R,2,142,0.4909,72.794,0.4905,72.7413,147.9835
OS,85,R,2,143,0.4909,72.7974,0.4908,72.7781,147.9722
OS,85,R,2,144,0.491,72.8148,0.4926,73.0494,148.5065
OS,85,R,2,145,0.4911,72.8339,0.4908,72.7787,147.8249
OS,85,R,2,146,0.4915,72.894,0.4909,72.794,148.8952
OS,85,R,2,147,0.4915,72.894,0.4917,72.918,148.4797
OS,85,R,2,148,0.4917,72.9157,0.4907,72.7751,148.0718
OS,85,R,2,149,0.4917,72.9175,0.4915,72.894,149.4514
OS,85,R,2,150,0.4917,72.9175,0.4911,72.8339,149.2751
OS,85,R,2,151,0.4917,72.918,0.4923,73.0022,150.6025
OS,85,R,2,152,0.4917,72.9251,0.4917,72.9175,148.4597
OS,85,R,2,153,0.4919,72.9497,0.486,72.0654,148.2055
OS,85,R,2,154,0.4919,72.9497,0.4928,73.0788,149.9163
OS,85,R,2,155,0.492,72.9608,0.4924,73.0276,149.494
OS,85,R,2,156,0.4921,72.9716,0.4919,72.9497,150.0094
OS,85,R,2,157,0.4921,72.9716,0.4925,73.0345,148.8465
OS,85,R,2,158,0.4922,72.9849,0.4922,72.9849,150.1931
OS,85,R,2,159,0.4923,73.0022,0.4913,72.8603,150.1207
OS,85,R,2,160,0.4923,73.012,0.492,72.9608,149.2211
OS,85,R,2,161,0.4924,73.0199,0.4921,72.9716,149.9248
OS,85,R,2,162,0.4924,73.0276,0.4923,73.012,149.6347
OS,85,R,2,163,0.4924,73.0276,0.4926,73.0481,148.7007
OS,85,R,2,164,0.4925,73.0345,0.4934,73.1773,150.4448
OS,85,R,2,165,0.4926,73.0481,0.4924,73.0199,149.8171
OS,85,R,2,166,0.4928,73.0788,0.4801,71.1949,148.8855
OS,85,R,2,167,0.493,73.112,0.493,73.112,148.2589
OS,85,R,2,168,0.4933,73.1547,0.4933,73.1547,148.4553
OS,85,R,2,169,0.4934,73.1773,0.494,73.2554,148.1607
OS,85,R,2,170,0.494,73.2536,0.494,73.2536,148.4652
OS,85,R,2,171,0.494,73.2554,0.4946,73.3528,148.7345
OS,85,R,2,172,0.4946,73.3528,0.4957,73.5094,148.7738
OS,85,R,2,173,0.4951,73.4247,0.4951,73.4247,148.9246
OS,85,R,2,174,0.4957,73.5094,0.4957,73.5095,149.2694
OS,85,R,2,175,0.4957,73.5094,0.4875,72.2912,149.7274
OS,85,R,2,176,0.4957,73.5095,0.4971,73.7163,149.0706
OS,85,R,2,177,0.4971,73.7163,0.4981,73.864,147.307
OS,85,R,2,178,0.4981,73.864,0.4988,73.9665,149.0466
OS,85,R,2,179,0.4985,73.9288,0.499,73.9981,149.2214
OS,85,R,2,180,0.4985,73.9288,0.4992,74.0311,149.5614
OS,85,R,2,181,0.4988,73.9665,0.4994,74.0606,149.3241
OS,85,R,2,182,0.4988,73.9665,0.4995,74.0757,149.8963
OS,85,R,2,183,0.499,73.9981,0.4991,74.0189,148.7277
OS,85,R,2,184,0.499,73.9981,0.4994,74.0605,149.3755
OS,85,R,2,185,0.499,73.9981,0.4997,74.1016,148.9393
OS,85,R,2,186,0.499,73.9981,0.4991,74.0209,149.6207
OS,85,R,2,187,0.499,73.9981,0.4951,73.4184,149.7646
OS,85,R,2,188,0.499,73.9981,0.4997,74.1005,150.2156
OS,85,R,2,189,0.499,73.9981,0.4985,73.9288,148.7426
OS,85,R,2,190,0.499,73.9981,0.4991,74.0106,151.1308
OS,85,R,2,191,0.499,73.9981,0.499,73.9991,150.6866
OS,85,R,2,192,0.4985,73.9288,0.4983,73.8949,148.6276
OS,85,R,2,193,0.4985,73.9219,0.4992,74.0253,150.4861
OS,85,R,2,194,0.4983,73.8949,0.4985,73.9219,150.8467
OS,85,R,2,195,0.498,73.8541,0.4993,74.0516,150.724
OS,85,R,2,196,0.498,73.8524,0.498,73.8524,150.9842
OS,85,R,2,197,0.4977,73.8023,0.498,73.8541,150.8097
OS,85,R,2,198,0.4975,73.7745,0.4977,73.8023,151.5736
OS,85,R,2,199,0.4974,73.7679,0.4975,73.7745,150.8569
OS,85,R,2,200,0.4974,73.7679,0.4974,73.7679,148.3352
OS,85,R,2,201,0.4953,73.4549,0.4953,73.4549,147.931
OS,85,R,2,202,0.4943,73.2964,0.4943,73.2964,148.9325
OS,85,R,2,203,0.4939,73.2408,0.4935,73.1924,148.4739
OS,85,R,2,204,0.4935,73.1924,0.4939,73.2408,148.9735
OS,85,R,2,205,0.4933,73.1566,0.4933,73.1566,149.1826
OS,85,R,2,206,0.4921,72.9803,0.4921,72.9751,148.3324
OS,85,R,2,207,0.4921,72.9751,0.4921,72.9803,149.0117
OS,85,R,2,208,0.4921,72.9751,0.4858,72.0445,147.7602
OS,85,R,2,209,0.4921,72.9751,0.4906,72.7617,148.0423
OS,85,R,2,210,0.4921,72.9751,0.4901,72.6864,147.4944
OS,85,R,2,211,0.4921,72.9751,0.4911,72.8351,148.106
OS,85,R,2,212,0.4921,72.9751,0.4905,72.7401,147.1268
OS,85,R,2,213,0.4921,72.9751,0.4903,72.7151,148.6992
OS,85,R,2,214,0.4921,72.9751,0.4905,72.7406,148.9745
OS,85,R,2,215,0.4921,72.9751,0.4909,72.7986,148.7976
OS,85,R,2,216,0.4921,72.9751,0.4907,72.7705,147.3605
OS,85,R,2,217,0.4921,72.9751,0.4887,72.4697,147.3244
OS,85,R,2,218,0.4921,72.9751,0.4911,72.8352,148.8825
OS,85,R,2,219,0.4921,72.9803,0.4912,72.8493,150.2089
OS,85,R,2,220,0.4924,73.0267,0.4928,73.0808,148.8862
OS,85,R,2,221,0.4926,73.0515,0.4924,73.0267,149.0892
OS,85,R,2,222,0.4928,73.0808,0.4926,73.0515,148.8623
OS,85,R,2,223,0.493,73.1179,0.493,73.1179,149.124
OS,85,R,2,224,0.4939,73.2389,0.4939,73.2389,149.5633
OS,85,R,2,225,0.4946,73.3456,0.4946,73.3456,149.3158
OS,85,R,2,226,0.4955,73.485,0.4955,73.485,149.4661
OS,85,R,2,227,0.4969,73.688,0.4969,73.688,149.4552
OS,85,R,2,228,0.4973,73.7458,0.4973,73.7458,148.9454
OS,85,R,2,229,0.4981,73.8655,0.4981,73.8655,149.5947
OS,85,R,2,230,0.4981,73.8655,0.4987,73.9517,148.9712
OS,85,R,2,231,0.4981,73.8655,0.5001,74.1616,149.4021
OS,85,R,2,232,0.4981,73.8655,0.5,74.1419,149.4729
OS,85,R,2,233,0.4981,73.8655,0.5012,74.3225,149.4987
OS,85,R,2,234,0.4981,73.8655,0.5005,74.2304,149.5982
OS,85,R,2,235,0.4982,73.8747,0.5013,74.337,149.6827
OS,85,R,2,236,0.4984,73.9171,0.5017,74.4073,150.344
OS,85,R,2,237,0.4987,73.9515,0.5021,74.4616,150.2262
OS,85,R,2,238,0.4987,73.9517,0.5018,74.4136,150.0096
OS,85,R,2,239,0.4997,74.0996,0.4984,73.9171,150.0001
OS,85,R,2,240,0.5,74.1419,0.4987,73.9515,150.1419
OS,85,R,2,241,0.5001,74.1616,0.4982,73.8747,149.5191
OS,85,R,2,242,0.5005,74.2304,0.3094,45.8811,151.4515
OS,85,R,2,243,0.5012,74.3225,-1,-1,-1
OS,85,R,2,244,0.5013,74.337,0.4808,71.303,151.0442
OS,85,R,2,245,0.5016,74.3892,0.4895,72.5858,153.1848
OS,85,R,2,246,0.5017,74.4073,0.4966,73.649,149.1679
OS,85,R,2,247,0.5018,74.4136,0.5016,74.3892,150.8133
OS,85,R,2,248,0.5021,74.4616,0.4997,74.0996,150.2244
OS,85,R,2,249,0.5026,74.5283,0.503,74.5888,150.1277
OS,85,R,2,250,0.5028,74.5626,0.5035,74.6673,149.3951
OS,85,R,2,251,0.503,74.5888,0.5026,74.5283,151.1437
OS,85,R,2,252,0.5035,74.6673,0.504,74.7349,152.7315
OS,85,R,2,253,0.5039,74.7258,0.5028,74.5626,150.1634
OS,85,R,2,254,0.5039,74.7313,0.5039,74.7258,151.3172
OS,85,R,2,255,0.504,74.7349,0.5042,74.7783,148.9487
OS,85,R,2,256,0.504,74.7349,0.5047,74.8388,152.2286
OS,85,R,2,257,0.504,74.7349,0.5047,74.8473,148.4494
OS,85,R,2,258,0.5042,74.7783,0.5043,74.7839,148.1541
OS,85,R,2,259,0.5043,74.7839,0.5057,75.0017,152.7261
OS,85,R,2,260,0.5043,74.7839,0.5058,75.0089,147.8618
OS,85,R,2,261,0.5043,74.7839,0.5039,74.7313,148.1121
OS,85,R,2,262,0.5043,74.7839,0.5053,74.9334,149.1324
OS,85,R,2,263,0.5043,74.7839,0.5053,74.9293,152.1687
OS,85,R,2,264,0.5043,74.7839,0.5051,74.9072,148.9107
OS,85,R,2,265,0.5043,74.7839,0.5056,74.9739,152.2188
OS,85,R,2,266,0.5043,74.7839,0.5053,74.9412,149.1046
OS,85,R,2,267,0.5043,74.7839,0.5045,74.8129,149.0879
OS,85,R,2,268,0.5043,74.7839,0.5033,74.6423,148.8269
OS,85,R,2,269,0.5043,74.7813,0.5039,74.7327,149.6409
OS,85,R,2,270,0.5039,74.7327,0.5052,74.924,148.9088
OS,85,R,2,271,0.5039,74.7313,0.5045,74.8113,148.9989
OS,85,R,2,272,0.5033,74.6423,0.5043,74.7813,149.2491
OS,85,R,2,273,0.5033,74.6418,0.5033,74.637,148.2576
OS,85,R,2,274,0.5033,74.637,0.5033,74.6418,151.3778
OS,85,R,2,275,0.5033,74.6326,0.5033,74.6326,148.8965
OS,85,R,2,276,0.5025,74.5221,0.5025,74.5132,148.5665
OS,85,R,2,277,0.5025,74.5132,0.5025,74.5221,148.9671
OS,85,R,2,278,0.5023,74.4858,0.5023,74.4858,149.771
OS,85,R,2,279,0.5019,74.4292,0.5009,74.2789,149.308
OS,85,R,2,280,0.5017,74.3951,0.5017,74.3951,148.9577
OS,85,R,2,281,0.5009,74.2834,0.5008,74.2742,148.4558
OS,85,R,2,282,0.5009,74.2815,0.5009,74.2815,148.3546
OS,85,R,2,283,0.5009,74.2815,0.5019,74.4292,149.2289
OS,85,R,2,284,0.5009,74.2815,0.5009,74.2834,149.4163
OS,85,R,2,285,0.5009,74.2815,0.5003,74.1909,149.6424
OS,85,R,2,286,0.5009,74.2815,0.5002,74.186,149.0846
OS,85,R,2,287,0.5009,74.2815,0.4991,74.0212,149.018
OS,85,R,2,288,0.5009,74.2815,0.4996,74.0917,148.7604
OS,85,R,2,289,0.5009,74.2815,0.4996,74.0917,152.388
OS,85,R,2,290,0.5009,74.2815,0.5004,74.2087,152.0299
OS,85,R,2,291,0.5009,74.2815,0.5,74.1545,148.6334
OS,85,R,2,292,0.5009,74.2834,0.4998,74.1159,148.8486
OS,85,R,2,293,0.5009,74.2815,0.5002,74.1759,153.0249
OS,85,R,2,294,0.5009,74.2815,0.5005,74.225,149.4402
OS,85,R,2,295,0.5009,74.2834,0.5009,74.2874,149.7385
OS,85,R,2,296,0.5006,74.2353,0.5021,74.4667,148.7202
OS,85,R,2,297,0.5006,74.2353,0.5017,74.4021,149.3588
OS,85,R,2,298,0.5009,74.2874,0.5016,74.3833,149.9697
OS,85,R,2,299,0.501,74.3034,0.502,74.4384,149.8406
OS,85,R,2,300,0.5011,74.3169,0.502,74.4397,149.1791
OS,85,R,2,301,0.5016,74.3833,0.501,74.3034,149.5594
OS,85,R,2,302,0.5016,74.3839,0.5016,74.3851,149.2328
OS,85,R,2,303,0.5016,74.3851,0.5016,74.3931,148.9114
OS,85,R,2,304,0.5016,74.3851,0.5011,74.3169,149.3767
OS,85,R,2,305,0.5016,74.3931,0.5003,74.1948,149.4462
OS,85,R,2,306,0.5017,74.4021,0.5006,74.2353,149.5305
OS,85,R,2,307,0.5019,74.4269,0.5019,74.4269,151.3021
OS,85,R,2,308,0.502,74.4384,0.5006,74.2348,152.2368
OS,85,R,2,309,0.502,74.4384,0.5016,74.3839,149.0397
OS,85,R,2,310,0.502,74.4397,0.5026,74.5384,149.7439
OS,85,R,2,311,0.5021,74.455,0.5021,74.455,152.5564
OS,85,R,2,312,0.5026,74.5288,0.5032,74.6304,149.607
OS,85,R,2,313,0.5026,74.5384,0.5026,74.5288,148.8664
OS,85,R,2,314,0.5032,74.6304,0.5042,74.7691,149.2688
OS,85,R,2,315,0.5036,74.6881,0.5036,74.6881,149.6038
OS,85,R,2,316,0.5037,74.6969,0.4992,74.0349,150.3645
OS,85,R,2,317,0.5041,74.7555,0.5049,74.8743,149.1988
OS,85,R,2,318,0.5042,74.7691,0.5051,74.9008,149.5467
OS,85,R,2,319,0.5042,74.7691,0.5053,74.9382,150.0189
OS,85,R,2,320,0.5042,74.7691,0.5058,75.0059,150.3099
OS,85,R,2,321,0.5042,74.7691,0.5052,74.9197,150.2068
OS,85,R,2,322,0.5042,74.7691,0.5057,74.9918,149.5521
OS,85,R,2,323,0.5042,74.7691,0.5059,75.0281,149.5893
OS,85,R,2,324,0.5042,74.7691,0.5063,75.0773,149.565
OS,85,R,2,325,0.5042,74.7691,0.5037,74.6969,149.9095
OS,85,R,2,326,0.5042,74.7691,0.5041,74.7555,150.0399
OS,85,R,2,327,0.5041,74.7555,0.5044,74.8068,150.7187
OS,85,R,2,328,0.5041,74.7555,0.505,74.8938,149.6905
OS,85,R,2,329,0.5041,74.7555,0.5045,74.8151,150.1708
OS,85,R,2,330,0.5038,74.7118,0.5055,74.9596,149.4708
OS,85,R,2,331,0.5038,74.7078,0.5027,74.5508,149.1339
OS,85,R,2,332,0.5037,74.6969,0.5038,74.7078,150.1728
OS,85,R,2,333,0.5036,74.6889,0.5038,74.7118,148.7533
OS,85,R,2,334,0.5036,74.6786,0.5036,74.6786,150.5625
OS,85,R,2,335,0.5034,74.6559,0.503,74.5985,148.6307
OS,85,R,2,336,0.503,74.5985,0.5034,74.6559,148.9728
OS,85,R,2,337,0.5029,74.5803,0.5036,74.6889,148.7564
OS,85,R,2,338,0.5027,74.5508,0.5029,74.5803,148.5947
OS,85,R,2,339,0.5026,74.5298,0.5026,74.5298,148.997
OS,85,R,2,340,0.5022,74.4749,0.5022,74.4749,149.428
OS,85,R,2,341,0.5015,74.3654,0.5015,74.3654,149.445
OS,85,R,2,342,0.5015,74.3654,0.5003,74.1955,148.6537
OS,85,R,2,343,0.5015,74.3654,0.4999,74.133,149.0759
OS,85,R,2,344,0.5015,74.3654,0.4995,74.0768,148.968
OS,85,R,2,345,0.5015,74.3654,0.4996,74.0875,149.1635
OS,85,R,2,346,0.5008,74.2707,0.4987,73.9598,148.5678
OS,85,R,2,347,0.5008,74.2707,0.4975,73.7769,148.9948
OS,85,R,2,348,0.5008,74.2707,0.4982,73.883,149.5446
OS,85,R,2,349,0.5008,74.2707,0.4958,73.531,149.8299
OS,85,R,2,350,0.5008,74.2707,0.4989,73.9901,149.5026
OS,85,R,2,351,0.5008,74.2707,0.5002,74.1712,149.9038
OS,85,R,2,352,0.5008,74.2707,0.5004,74.2025,149.2442
OS,85,R,2,353,0.5008,74.2707,0.5008,74.2707,148.3833
OS,85,R,2,354,0.5008,74.2707,0.5017,74.4006,149.1297
OS,85,R,2,355,0.5017,74.4006,0.5021,74.4568,149.1514
OS,85,R,2,356,0.5017,74.4006,0.5028,74.5666,149.3332
OS,85,R,2,357,0.5017,74.4006,0.5024,74.502,148.818
OS,85,R,2,358,0.5017,74.4006,0.5002,74.1806,148.8636
OS,85,R,2,359,0.5017,74.4006,0.5018,74.4223,148.7638
OS,85,R,2,360,0.5017,74.4006,0.5036,74.6808,148.4811
OS,85,R,2,361,0.5017,74.4006,0.5023,74.4882,148.256
OS,85,R,2,362,0.5017,74.4006,0.5033,74.6358,151.0195
OS,85,R,2,363,0.5017,74.4006,0.5043,74.7824,151.5106
OS,85,R,2,364,0.5017,74.4006,0.5041,74.7539,148.9558
OS,85,R,2,365,0.5017,74.4006,0.5043,74.7876,148.9423
OS,85,R,2,366,0.5017,74.4006,0.5025,74.5193,149.0386
OS,85,R,2,367,0.5002,74.1806,0.5021,74.4661,149.2286
OS,85,R,2,368,0.5,74.1543,0.4996,74.0919,149.5961
OS,85,R,2,369,0.4996,74.0919,0.4982,73.887,149.3597
OS,85,R,2,370,0.4995,74.0674,0.4958,73.5191,148.9137
OS,85,R,2,371,0.4982,73.887,0.4961,73.5779,148.7101
OS,85,R,2,372,0.4981,73.8624,0.4962,73.5853,148.6557
OS,85,R,2,373,0.4974,73.7708,0.4962,73.5792,148.6063
OS,85,R,2,374,0.4968,73.6723,0.4958,73.5326,147.8302
OS,85,R,2,375,0.4962,73.5853,0.4968,73.6723,148.6196
OS,85,R,2,376,0.4962,73.5792,0.4974,73.7708,148.0936
OS,85,R,2,377,0.4961,73.5779,0.4981,73.8624,148.3594
OS,85,R,2,378,0.4959,73.5372,0.4995,74.0674,148.1811
OS,85,R,2,379,0.4958,73.5326,0.5,74.1543,148.2235
OS,85,R,2,380,0.4958,73.5191,0.4959,73.5372,148.2878
OS,85,R,2,381,0.4941,73.2787,0.2729,40.4658,142.7203
OS,85,R,2,382,0.4838,71.7453,0.4734,70.2066,148.0437
OS,85,R,2,383,0.4734,70.2066,0.4941,73.2787,151.0755
OS,85,R,2,384,0.4691,69.5641,0.4838,71.7453,149.1273
OS,85,R,2,385,0.4528,67.1512,0.4691,69.5641,149.1899
OS,85,R,2,386,0.4379,64.942,0.4528,67.1512,148.5218
OS,85,R,2,387,0.4232,62.7568,0.4379,64.942,150.5772
OS,85,R,2,388,0.4092,60.6771,0.4232,62.7568,150.4269
OS,85,R,2,389,0.3982,59.0482,0.4092,60.6771,149.6281
OS,85,R,2,390,0.3875,57.4716,0.3982,59.0482,150.0125
OS,85,R,2,391,0.378,56.0625,0.3875,57.4716,150.9183
OS,85,R,2,392,0.3689,54.712,0.378,56.0625,150.3098
OS,85,R,2,393,0.3593,53.2819,0.3689,54.712,150.7144
OS,85,R,2,394,0.3593,53.2819,0.3593,53.2819,150.3503
OS,85,R,2,395,0.3545,52.5719,0.3545,52.5719,149.3411
OS,85,R,2,396,0.3473,51.498,0.3473,51.498,149.2487
OS,85,R,2,397,0.3408,50.5389,0.3408,50.5389,149.2806
OS,85,R,2,398,0.3342,49.5597,0.3342,49.5597,149.2584
OS,85,R,2,399,0.3297,48.899,0.3297,48.899,149.216
OS,85,R,2,400,0.3246,48.1364,0.3246,48.1364,148.9952
OS,85,R,2,401,0.3195,47.3785,0.3195,47.3785,149.1321
OS,85,R,2,402,0.3145,46.6385,0.3145,46.6385,149.0043
OS,85,R,2,403,0.3114,46.1801,0.3114,46.1801,148.7044
OS,85,R,2,404,0.3075,45.6028,0.3075,45.6028,149.9161
OS,85,R,2,405,0.3044,45.1471,0.3044,45.1471,150.832
OS,85,R,2,406,0.3001,44.5028,0.3001,44.5028,149.0242
OS,85,R,2,407,0.2975,44.1173,0.2975,44.1173,149.3548
OS,85,R,2,408,0.2925,43.3782,0.2925,43.3782,148.9859
OS,85,R,2,409,0.2891,42.8802,0.2891,42.8802,149.7566
OS,85,R,2,410,0.2858,42.3878,0.2858,42.3878,149.9104
OS,85,R,2,411,0.2828,41.9344,0.2828,41.9344,150.7242
OS,85,R,2,412,0.2779,41.2058,0.2779,41.2058,151.0988
OS,85,R,2,413,0.2754,40.8485,0.2754,40.8485,150.8904
OS,85,R,2,414,0.2725,40.4144,0.2725,40.4144,151.0401
OS,85,R,2,415,0.2676,39.6779,0.2676,39.6779,150.5771
OS,85,R,2,416,0.2664,39.5042,0.2664,39.5042,150.0216
OS,85,R,2,417,0.2643,39.2013,0.2643,39.2013,150.67
OS,85,R,2,418,0.2629,38.9905,0.2629,38.9905,149.2885
OS,85,R,2,419,0.2606,38.6412,0.2606,38.6412,150.9304
OS,85,R,2,420,0.2603,38.6019,0.2603,38.6019,149.5127
OS,85,R,2,421,0.2573,38.164,0.2573,38.164,148.6704
OS,85,R,2,422,0.2557,37.9197,0.2557,37.9197,148.9348
OS,85,R,2,423,0.2518,37.3394,0.2518,37.3394,150.7658
OS,85,R,2,424,0.2514,37.2791,0.2514,37.2791,149.4311
OS,85,R,2,425,0.2472,36.6662,0.2472,36.6662,150.6496
OS,85,R,2,426,0.2465,36.5625,0.2465,36.5625,150.341
OS,85,R,2,427,0.2442,36.2094,0.2442,36.2094,149.5987
OS,85,R,2,428,0.2415,35.8079,0.2415,35.8079,149.7269
OS,85,R,2,429,0.2396,35.5363,0.2396,35.5363,149.8558
OS,85,R,2,430,0.2376,35.2381,0.2376,35.2381,149.7106
OS,85,R,2,431,0.2361,35.0155,0.2361,35.0155,150.0029
OS,85,R,2,432,0.235,34.8473,0.235,34.8473,150.6809
OS,85,R,2,433,0.2334,34.6126,0.2334,34.6126,150.3537
OS,85,R,2,434,0.2315,34.3268,0.2304,34.1724,151.077
OS,85,R,2,435,0.2314,34.3203,0.2315,34.3268,150.1123
OS,85,R,2,436,0.2311,34.2643,0.2299,34.0957,150.1332
OS,85,R,2,437,0.2305,34.1852,0.2305,34.1852,150.3738
OS,85,R,2,438,0.2304,34.1724,0.2284,33.866,149.1994
OS,85,R,2,439,0.2299,34.0957,0.2292,33.9847,149.7657
OS,85,R,2,440,0.2298,34.0828,0.227,33.6562,149.3053
OS,85,R,2,441,0.2295,34.0394,0.2314,34.3203,150.7142
OS,85,R,2,442,0.2295,34.0275,0.2295,34.0275,150.1301
OS,85,R,2,443,0.2292,33.9847,0.2311,34.2643,150.0967
OS,85,R,2,444,0.229,33.9623,0.229,33.9623,148.3515
OS,85,R,2,445,0.2286,33.905,0.2298,34.0828,150.9506
OS,85,R,2,446,0.2284,33.866,0.2295,34.0394,150.0867
OS,85,R,2,447,0.2278,33.7841,0.2276,33.7552,149.7841
OS,85,R,2,448,0.2276,33.7552,0.2286,33.905,148.7336
OS,85,R,2,449,0.227,33.6562,0.2278,33.7841,148.9774
OS,85,R,2,450,0.2269,33.6546,0.2269,33.6546,148.5845
OS,85,R,2,451,0.2266,33.6008,0.2266,33.6008,147.9236
OS,85,R,2,452,0.2262,33.5382,0.2262,33.5382,148.6849
OS,85,R,2,453,0.2251,33.3785,0.2251,33.3785,148.1836
OS,85,R,2,454,0.2238,33.1958,0.2238,33.1958,148.9028
OS,85,R,2,455,0.2216,32.8638,0.2216,32.8638,145.6899
OS,85,R,2,456,0.2209,32.757,0.2209,32.757,146.692
OS,85,R,2,457,0.2209,32.757,0.2201,32.6363,145.75
OS,85,R,2,458,0.2209,32.757,0.2199,32.6133,146.8762
OS,85,R,2,459,0.2209,32.757,0.2189,32.4683,145.5086
OS,85,R,2,460,0.2209,32.757,0.22,32.6295,145.0644
OS,85,R,2,461,0.2209,32.757,0.2191,32.4851,145.576
OS,85,R,2,462,0.2209,32.757,0.2186,32.4197,146.6498
OS,85,R,2,463,0.2209,32.757,0.2188,32.451,145.7116
OS,85,R,2,464,0.2209,32.757,0.2175,32.2556,146.8891
OS,85,R,2,465,0.2209,32.757,0.218,32.3295,145.5103
OS,85,R,2,466,0.2209,32.757,0.2175,32.2602,146.3677
OS,85,R,2,467,0.2209,32.757,0.2197,32.5884,145.6359
OS,85,R,2,468,0.2209,32.757,0.2208,32.7411,146.3938
OS,85,R,2,469,0.2221,32.9329,0.2221,32.9329,145.6476
OS,85,R,2,470,0.2222,32.9548,0.2222,32.9548,146.8767
OS,85,R,2,471,0.2226,33.0116,0.2228,33.0358,148.0011
OS,85,R,2,472,0.2226,33.0116,0.2241,33.2312,148.2067
OS,85,R,2,473,0.2226,33.0116,0.2258,33.4899,148.4257
OS,85,R,2,474,0.2226,33.0116,0.2264,33.5691,148.9166
OS,85,R,2,475,0.2226,33.0116,0.2275,33.7391,148.6792
OS,85,R,2,476,0.2226,33.0116,0.2278,33.7893,148.9958
OS,85,R,2,477,0.2226,33.0116,0.2265,33.5848,148.471
OS,85,R,2,478,0.2228,33.0343,0.2279,33.7945,148.6736
OS,85,R,2,479,0.2228,33.0358,0.2261,33.5249,148.3607
OS,85,R,2,480,0.223,33.0726,0.2256,33.457,148.406
OS,85,R,2,481,0.2241,33.2312,0.2247,33.3204,148.9123
OS,85,R,2,482,0.2246,33.3102,0.223,33.0726,148.7504
OS,85,R,2,483,0.2247,33.3204,0.2226,33.0116,148.3772
OS,85,R,2,484,0.2256,33.457,0.2215,32.8487,146.5601
OS,85,R,2,485,0.2257,33.476,0.2216,32.8659,146.3557
OS,85,R,2,486,0.2257,33.476,0.2211,32.7928,146.8065
OS,85,R,2,487,0.2257,33.476,0.2215,32.8408,146.4538
OS,85,R,2,488,0.2257,33.476,0.2203,32.6769,145.7944
OS,85,R,2,489,0.2257,33.476,0.2219,32.9125,147.3051
OS,85,R,2,490,0.2257,33.476,0.2228,33.0343,148.9315
OS,85,R,2,491,0.2257,33.476,0.2246,33.3102,149.5472
OS,85,R,2,492,0.2256,33.457,0.2257,33.476,148.9157
OS,85,R,2,493,0.2257,33.476,0.2286,33.9058,149.4992
OS,85,R,2,494,0.2257,33.476,0.2312,34.2824,150.0094
OS,85,R,2,495,0.2259,33.4974,0.23,34.1058,148.4762
OS,85,R,2,496,0.2264,33.5689,0.2319,34.3868,149.6372
OS,85,R,2,497,0.2273,33.7123,0.2325,34.4751,149.0178
OS,85,R,2,498,0.2279,33.803,0.232,34.4077,149.0078
OS,85,R,2,499,0.2284,33.8783,0.2302,34.1356,149.0377
OS,85,R,2,500,0.2285,33.8931,0.23,34.1028,149.5292
OS,85,R,2,501,0.2286,33.9058,0.229,33.9628,148.4193
OS,85,R,2,502,0.229,33.9628,0.2284,33.8783,148.2396
OS,85,R,2,503,0.23,34.1028,0.2279,33.803,148.6137
OS,85,R,2,504,0.23,34.1058,0.2255,33.4364,149.2701
OS,85,R,2,505,0.2302,34.1356,0.2259,33.4974,148.905
OS,85,R,2,506,0.2304,34.1706,0.221,32.7811,144.8275
OS,85,R,2,507,0.2304,34.1706,0.2264,33.5689,147.7369
OS,85,R,2,508,0.2319,34.3868,0.2273,33.7123,149.9321
OS,85,R,2,509,0.232,34.4077,0.2285,33.8931,150.9169
OS,85,R,2,510,0.232,34.4077,0.2304,34.1706,149.4416
OS,85,R,2,511,0.2337,34.661,0.2337,34.661,148.8397
OS,85,R,2,512,0.2358,34.9615,0.2358,34.9615,149.8407
OS,85,R,2,513,0.2408,35.7112,0.2408,35.7112,149.3253
OS,85,R,2,514,0.2461,36.4939,0.2461,36.4939,150.5915
OS,85,R,2,515,0.252,37.3761,0.252,37.3761,149.8671
OS,85,R,2,516,0.2578,38.2374,0.2578,38.2374,151.501
OS,85,R,2,517,0.262,38.8566,0.262,38.8566,150.9264
OS,85,R,2,518,0.2707,40.1464,0.2707,40.1464,151.3686
OS,85,R,2,519,0.2766,41.0254,0.2766,41.0254,151.5056
OS,85,R,2,520,0.2825,41.8955,0.2825,41.8955,151.9517
OS,85,R,2,521,0.288,42.7153,0.288,42.7153,152.1655
OS,85,R,2,522,0.292,43.3064,0.292,43.3064,150.0029
OS,85,R,2,523,0.2968,44.0156,0.2968,44.0156,149.9494
OS,85,R,2,524,0.3011,44.6543,0.3012,44.6708,150.2197
OS,85,R,2,525,0.3012,44.6708,0.3055,45.3104,151.5178
OS,85,R,2,526,0.3055,45.3104,0.3094,45.8856,150.5458
OS,85,R,2,527,0.3094,45.8856,0.3116,46.2169,149.246
OS,85,R,2,528,0.3116,46.2169,0.316,46.864,150.1358
OS,85,R,2,529,0.316,46.864,0.3011,44.6543,150.6327
OS,85,R,2,530,0.3223,47.789,0.3223,47.789,151.9346
OS,85,R,2,531,0.3268,48.4646,0.3268,48.4646,150.2595
OS,85,R,2,532,0.3276,48.5797,0.3276,48.5797,149.919
OS,85,R,2,533,0.331,49.0847,0.331,49.0847,150.5697
OS,85,R,2,534,0.3339,49.5117,0.3339,49.5117,150.9394
OS,85,R,2,535,0.3354,49.7425,0.3354,49.7425,150.4235
OS,85,R,2,536,0.3384,50.1813,0.3384,50.1813,149.9548
OS,85,R,2,537,0.3417,50.6686,0.3417,50.6686,149.794
OS,85,R,2,538,0.3432,50.8974,0.3432,50.8974,152.6565
OS,85,R,2,539,0.3453,51.2067,0.3453,51.2067,152.5059
OS,85,R,2,540,0.3471,51.4796,0.3471,51.4796,150.8667
OS,85,R,2,541,0.3502,51.9366,0.3502,51.9366,150.8663
OS,85,R,2,542,0.3507,52.0026,0.3507,52.0026,150.3807
OS,85,R,2,543,0.3507,52.0026,0.353,52.35,150.0987
OS,85,R,2,544,0.353,52.35,0.354,52.5037,150.9714
OS,85,R,2,545,0.354,52.5037,0.3548,52.6189,150.6704
OS,85,R,2,546,0.3548,52.6189,0.356,52.799,150.2347
OS,85,R,2,547,0.356,52.799,0.3589,53.2285,150.3365
OS,85,R,2,548,0.3589,53.2285,0.3609,53.5154,151.5873
OS,85,R,2,549,0.3609,53.5154,0.3617,53.6371,150.3966
OS,85,R,2,550,0.3617,53.6371,0.3628,53.8089,150.7605
OS,85,R,2,551,0.3628,53.8089,0.3652,54.1536,152.2337
OS,85,R,2,552,0.3652,54.1536,0.366,54.2758,151.1263
OS,85,R,2,553,0.366,54.2758,0.3673,54.4658,150.574
OS,85,R,2,554,0.3673,54.4658,0.3705,54.9486,151.3372
OS,85,R,2,555,0.3673,54.4658,0.3495,51.8256,150.7745
OS,85,R,2,556,0.3673,54.4658,0.374,55.4644,150.4095
OS,85,R,2,557,0.3673,54.4658,0.375,55.6121,150.2526
OS,85,R,2,558,0.3705,54.9486,0.3783,56.1074,151.6376
OS,85,R,2,559,0.374,55.4644,0.3791,56.2168,149.6833
OS,85,R,2,560,0.375,55.6121,0.3808,56.4688,149.7169
OS,85,R,2,561,0.3783,56.1074,0.3835,56.8789,151.2822
OS,85,R,2,562,0.3791,56.2168,0.3839,56.9389,149.7123
OS,85,R,2,563,0.3808,56.4688,0.3848,57.0655,150.432
OS,85,R,2,564,0.3835,56.8789,0.3849,57.0857,150.2663
OS,85,R,2,565,0.3839,56.9389,0.387,57.3932,149.7469
OS,85,R,2,566,0.3841,56.9576,0.3841,56.9576,150.5557
OS,85,R,2,567,0.3848,57.0655,-1,-1,-1
OS,85,R,2,568,0.3849,57.0857,0.1912,28.3616,131.5522
OS,85,R,2,569,0.3855,57.1695,-1,-1,-1
OS,85,R,2,570,0.387,57.3932,0.3855,57.1695,151.591
OS,85,R,2,571,0.3888,57.6637,0.3888,57.6637,152.0347
OS,85,R,2,572,0.3902,57.8598,0.3902,57.8598,149.9764
OS,85,R,2,573,0.3921,58.1467,0.3926,58.2248,148.7111
OS,85,R,2,574,0.3926,58.2248,0.3921,58.1467,149.2114
OS,85,R,2,575,0.3932,58.3167,0.3932,58.3167,149.7992
OS,85,R,2,576,0.3956,58.6699,0.3956,58.6699,149.8654
OS,85,R,2,577,0.3961,58.7445,0.3961,58.7445,150.5381
OS,85,R,2,578,0.3972,58.9084,0.3979,59.005,150.4028
OS,85,R,2,579,0.3979,59.005,0.3972,58.9084,149.7877
OS,85,R,2,580,0.3993,59.2183,0.3993,59.2183,150.1516
OS,85,R,2,581,0.4003,59.3603,0.4003,59.3603,150.4589
OS,85,R,2,582,0.4015,59.5382,0.4018,59.5864,149.9387
OS,85,R,2,583,0.4018,59.5864,0.4015,59.5382,151.0573
OS,85,R,2,584,0.4029,59.7494,0.4029,59.7494,150.8536
OS,85,R,2,585,0.4035,59.8337,0.4041,59.9229,150.9028
OS,85,R,2,586,0.4041,59.9229,0.4035,59.8337,148.2404
OS,85,R,2,587,0.4041,59.9341,0.4048,60.0284,147.9869
OS,85,R,2,588,0.4044,59.9667,0.4041,59.9341,148.0479
OS,85,R,2,589,0.4045,59.9926,0.4051,60.0688,150.7645
OS,85,R,2,590,0.4048,60.0284,0.4045,59.9926,148.5231
OS,85,R,2,591,0.4048,60.0293,0.4048,60.0293,148.8425
OS,85,R,2,592,0.4051,60.0688,0.4044,59.9667,148.4435
OS,85,R,2,593,0.4053,60.109,0.4053,60.1114,148.1219
OS,85,R,2,594,0.4053,60.1114,0.4053,60.109,148.759
OS,85,R,2,595,0.4065,60.2767,0.4065,60.2767,148.3001
OS,85,R,2,596,0.4068,60.3347,0.4068,60.3347,148.5058
OS,85,R,2,597,0.4082,60.5425,0.4082,60.5425,149.2235
OS,85,R,2,598,0.4089,60.6335,0.4089,60.6335,148.6659
OS,85,R,2,599,0.4119,61.0909,0.4119,61.0909,148.7442
OS,85,R,2,600,0.4123,61.1453,0.4123,61.1453,148.8967
OS,85,R,2,601,0.4151,61.5631,0.4151,61.5631,148.4768
OS,85,R,2,602,0.4163,61.7309,0.4163,61.7309,148.8858
OS,85,R,2,603,0.4166,61.7768,0.4166,61.7768,148.4833
OS,85,R,2,604,0.4185,62.0564,0.419,62.1436,148.6625
OS,85,R,2,605,0.419,62.1436,0.4196,62.2207,149.6428
OS,85,R,2,606,0.4196,62.2207,0.4185,62.0564,149.1967
OS,85,R,2,607,0.4196,62.2207,0.422,62.5782,149.7594
OS,85,R,2,608,0.422,62.5782,0.4221,62.597,149.8249
OS,85,R,2,609,0.422,62.5805,0.422,62.5805,149.3514
OS,85,R,2,610,0.4221,62.597,0.424,62.88,151.3762
OS,85,R,2,611,0.4231,62.7488,0.4239,62.8664,148.1968
OS,85,R,2,612,0.4239,62.864,0.4239,62.864,149.0056
OS,85,R,2,613,0.4239,62.8664,0.4252,63.055,148.0395
OS,85,R,2,614,0.4239,62.868,0.4253,63.0657,148.4335
OS,85,R,2,615,0.424,62.88,0.4245,62.9493,147.8253
OS,85,R,2,616,0.4244,62.9394,0.4244,62.9394,148.6677
OS,85,R,2,617,0.4245,62.9493,0.4239,62.868,149.8252
OS,85,R,2,618,0.4247,62.9779,0.4231,62.7488,148.5452
OS,85,R,2,619,0.4249,63.0109,0.4051,60.0815,149.328
OS,85,R,2,620,0.4249,63.0109,0.425,63.0329,149.6258
OS,85,R,2,621,0.425,63.0329,0.4247,62.9779,149.4202
OS,85,R,2,622,0.4252,63.055,0.4249,63.0109,149.6003
OS,85,R,2,623,0.4252,63.0579,0.4252,63.0579,149.4659
OS,85,R,2,624,0.4253,63.0657,0.4262,63.206,149.2107
OS,85,R,2,625,0.4262,63.206,0.4267,63.2822,149.9174
OS,85,R,2,626,0.4266,63.2694,0.4274,63.3766,149.4403
OS,85,R,2,627,0.4267,63.2822,0.4273,63.3712,149.161
OS,85,R,2,628,0.4268,63.2904,0.4285,63.5512,149.644
OS,85,R,2,629,0.4273,63.3712,0.4287,63.5791,149.937
OS,85,R,2,630,0.4274,63.3766,0.4283,63.5108,149.6137
OS,85,R,2,631,0.4274,63.3853,0.4278,63.437,149.6505
OS,85,R,2,632,0.4277,63.4333,0.4238,62.8543,149.4702
OS,85,R,2,633,0.4278,63.437,0.4266,63.2694,148.8252
OS,85,R,2,634,0.4278,63.4479,0.4268,63.2904,149.6748
OS,85,R,2,635,0.4283,63.5108,0.4274,63.3853,148.7114
OS,85,R,2,636,0.4285,63.5512,0.4277,63.4333,149.0067
OS,85,R,2,637,0.4287,63.5791,0.4278,63.4479,149.549
OS,85,R,2,638,0.429,63.6219,0.429,63.6219,149.9556
OS,85,R,2,639,0.4297,63.7209,0.4297,63.7209,149.4712
OS,85,R,2,640,0.4299,63.7566,0.4299,63.7566,149.8509
OS,85,R,2,641,0.43,63.7699,0.43,63.7699,149.7249
OS,85,R,2,642,0.4313,63.9548,0.4315,63.9936,151.0403
OS,85,R,2,643,0.4314,63.9827,0.4314,63.9827,149.9145
OS,85,R,2,644,0.4314,63.9827,0.4313,63.9548,149.9041
OS,85,R,2,645,0.4315,63.9936,0.4314,63.9827,149.2433
OS,85,R,2,646,0.4326,64.1524,0.4336,64.3071,149.6737
OS,85,R,2,647,0.4336,64.3071,0.4326,64.1524,149.6267
OS,85,R,2,648,0.4346,64.4448,0.4349,64.4912,149.3322
OS,85,R,2,649,0.4346,64.4506,0.4355,64.5895,149.2037
OS,85,R,2,650,0.4349,64.4912,0.4346,64.4506,149.4314
OS,85,R,2,651,0.4355,64.5895,0.4363,64.7008,149.4269
OS,85,R,2,652,0.4363,64.7008,0.4377,64.904,149.5578
OS,85,R,2,653,0.4372,64.838,0.4372,64.838,149.1851
OS,85,R,2,654,0.4373,64.8568,0.4379,64.9464,149.0494
OS,85,R,2,655,0.4376,64.891,0.4377,64.9107,149.2952
OS,85,R,2,656,0.4376,64.891,0.4346,64.4448,152.5197
OS,85,R,2,657,0.4377,64.904,0.4387,65.059,149.4074
OS,85,R,2,658,0.4377,64.9107,0.4388,65.0731,148.9524
OS,85,R,2,659,0.4377,64.9107,0.4373,64.8568,149.8412
OS,85,R,2,660,0.4377,64.9107,0.4379,64.9362,149.7691
OS,85,R,2,661,0.4377,64.9107,0.438,64.9596,149.6263
OS,85,R,2,662,0.4377,64.9107,0.4376,64.891,148.617
OS,85,R,2,663,0.4377,64.9154,0.4377,64.9154,148.324
OS,85,R,2,664,0.4377,64.9154,0.4383,64.9963,149.6673
OS,85,R,2,665,0.4378,64.9299,0.4381,64.9706,149.0911
OS,85,R,2,666,0.4379,64.9362,0.4385,65.0285,148.3536
OS,85,R,2,667,0.4379,64.9362,0.4378,64.9299,149.0825
OS,85,R,2,668,0.438,64.9472,0.4373,64.8506,148.8259
OS,85,R,2,669,0.438,64.9503,0.4381,64.9745,148.9551
OS,85,R,2,670,0.438,64.9503,0.438,64.9503,148.7931
OS,85,R,2,671,0.438,64.9503,0.4365,64.733,147.6582
OS,85,R,2,672,0.438,64.9596,0.4367,64.7575,151.346
OS,85,R,2,673,0.4381,64.9706,0.4376,64.8978,150.6033
OS,85,R,2,674,0.4381,64.9745,0.4371,64.8225,151.4955
OS,85,R,2,675,0.4383,64.9963,0.4386,65.0407,151.3558
OS,85,R,2,676,0.4385,65.0285,0.4376,64.8988,150.8797
OS,85,R,2,677,0.4386,65.0407,0.438,64.9472,151.073
OS,85,R,2,678,0.4387,65.0607,0.4387,65.0607,151.3898
OS,85,R,2,679,0.4396,65.1944,0.4396,65.1944,149.1526
OS,85,R,2,680,0.4411,65.4164,0.4411,65.4164,150.939
OS,85,R,2,681,0.4427,65.6521,0.4427,65.6521,148.6055
OS,85,R,2,682,0.4436,65.7867,0.4438,65.821,148.8977
OS,85,R,2,683,0.4436,65.7867,0.4436,65.7867,150.9662
OS,85,R,2,684,0.4438,65.821,0.4443,65.8872,150.8892
OS,85,R,2,685,0.4441,65.8521,0.4459,66.1236,150.3296
OS,85,R,2,686,0.4443,65.8872,0.4458,66.1119,151.3676
OS,85,R,2,687,0.4444,65.9061,0.4447,65.9522,150.8625
OS,85,R,2,688,0.4445,65.9206,0.4451,66.004,150.9613
OS,85,R,2,689,0.4447,65.9473,0.4457,66.0939,150.4
OS,85,R,2,690,0.4447,65.9522,0.445,65.9874,150.9469
OS,85,R,2,691,0.445,65.9874,0.4464,66.194,147.9031
OS,85,R,2,692,0.4451,66.004,0.4454,66.0463,148.6292
OS,85,R,2,693,0.4454,66.0463,0.4444,65.9061,149.0004
OS,85,R,2,694,0.4456,66.0811,0.4445,65.9206,150.864
OS,85,R,2,695,0.4456,66.0811,0.4397,65.206,149.3667
OS,85,R,2,696,0.4456,66.0811,0.4441,65.8521,150.2835
OS,85,R,2,697,0.4456,66.0811,0.4447,65.9473,148.9094
OS,85,R,2,698,0.4454,66.0463,0.4461,66.1504,152.2089
OS,85,R,2,699,0.4451,66.004,0.4456,66.0811,151.853
OS,85,R,2,700,0.4451,66.004,0.4464,66.2017,152.925
OS,85,R,2,701,0.445,65.9874,0.447,66.288,151.7538
OS,85,R,2,702,0.4447,65.9473,0.4477,66.3922,148.8543
OS,85,R,2,703,0.4445,65.9206,0.446,66.1431,151.7001
OS,85,R,2,704,0.4444,65.9061,0.4465,66.2156,151.5473
OS,85,R,2,705,0.4441,65.8521,0.446,66.1465,148.6991
OS,85,R,2,706,0.4439,65.8352,0.4457,66.0959,151.8697
OS,85,R,2,707,0.4426,65.6429,0.4439,65.8352,149.0085
OS,85,R,2,708,0.4426,65.6429,0.4426,65.6429,151.805
OS,85,R,2,709,0.4395,65.1777,0.4395,65.1777,151.5783
OS,85,R,2,710,0.4391,65.1183,0.4376,64.9022,148.593
OS,85,R,2,711,0.4377,64.9046,0.4368,64.7713,149.5684
OS,85,R,2,712,0.4377,64.9046,0.4377,64.9046,148.984
OS,85,R,2,713,0.4377,64.9046,0.4374,64.8636,149.2851
OS,85,R,2,714,0.4377,64.9046,0.4363,64.6977,148.7498
OS,85,R,2,715,0.4377,64.9046,0.4352,64.5443,149.1577
OS,85,R,2,716,0.4377,64.9046,0.435,64.5022,149.4704
OS,85,R,2,717,0.4377,64.9046,0.4364,64.7239,149.5105
OS,85,R,2,718,0.4377,64.9046,0.4363,64.6988,149.7166
OS,85,R,2,719,0.4377,64.9046,0.437,64.8071,149.0977
OS,85,R,2,720,0.4376,64.9022,0.4391,65.1183,149.176
OS,85,R,2,721,0.4376,64.9022,0.415,61.5365,149.1838
OS,85,R,2,722,0.4376,64.9022,0.4364,64.7172,151.4743
OS,85,R,2,723,0.4377,64.9046,0.4374,64.8652,151.7031
OS,85,R,2,724,0.4377,64.9101,0.438,64.9481,151.3992
OS,85,R,2,725,0.4377,64.9136,0.4377,64.9101,151.0142
OS,85,R,2,726,0.4377,64.9136,0.4383,64.9966,147.8575
OS,85,R,2,727,0.4393,65.1478,0.4393,65.1478,148.6302
OS,85,R,2,728,0.4404,65.3067,0.4404,65.3067,151.4703
OS,85,R,2,729,0.4387,65.0621,0.4387,65.0621,148.0695
OS,85,R,2,730,0.4398,65.2172,0.4398,65.2172,148.301
OS,85,R,2,731,0.4399,65.242,0.4399,65.242,148.6722
OS,85,R,2,732,0.4319,64.0481,0.4319,64.0481,151.3078
OS,85,R,2,733,0.4405,65.3324,0.4405,65.3324,148.1854
OS,85,R,2,734,0.44,65.2545,0.44,65.2545,149.4358
OS,85,R,2,735,0.4392,65.1335,0.4392,65.1335,148.7726
OS,85,R,2,736,0.4384,65.0206,0.4384,65.0206,148.713
OS,85,R,2,737,0.4377,64.9136,0.4377,64.9136,151.8036
OS,85,R,2,738,0.4368,64.7693,0.4368,64.7693,149.1121
OS,85,R,2,739,0.4366,64.7487,0.4366,64.7487,151.9376
OS,85,R,2,740,0.4362,64.6822,0.4362,64.6822,149.245
OS,85,R,2,741,0.4373,64.8473,0.4373,64.8473,152.4404
OS,85,R,2,742,0.4371,64.8136,0.4371,64.8136,147.9496
OS,85,R,2,743,0.4377,64.9075,0.4377,64.9075,149.3795
OS,85,R,2,744,0.4385,65.0349,0.4385,65.0349,149.1905
OS,85,R,2,745,0.4398,65.2237,0.4398,65.2237,149.3168
OS,85,R,2,746,0.4397,65.2037,0.4397,65.2037,151.5419
OS,85,R,2,747,0.441,65.3938,0.441,65.3938,148.9447
OS,85,R,2,748,0.4425,65.6197,0.4425,65.6197,149.7123
OS,85,R,2,749,0.4441,65.8624,0.4441,65.8624,149.125
OS,85,R,2,750,0.4439,65.8328,0.4439,65.8328,149.545